Date,vixChange,netChange,prevChangeNF,prevChangeBNF,NFOIChange,BNFOIChange,basisChange,opengap1,closegap1,highgap1,lowgap1
2013-12-30,2.86,8.0,0.4,0.4,4.15,6.95,-12.0,0.2,-0.6,0.3,-0.8
2014-01-01,3.04,10.0,0.3,0.1,-2.51,-0.58,-23.0,0.5,0.4,0.6,0.2
2014-01-02,6.23,6.0,0.1,0.2,0.34,4.58,-11.0,-0.1,-1.6,0.8,-1.8
2014-01-03,-4.11,-32.0,-1.6,-2.2,-2.5,-1.2,-31.0,-0.5,-0.1,0.1,-0.9
2014-01-06,3.97,-5.0,-0.1,0.2,-8.82,4.86,6.0,-0.2,-0.4,-0.0,-0.8
2014-01-07,-1.09,-9.0,-0.4,-1.4,0.88,7.78,-4.0,0.3,-0.5,0.5,-0.9
2014-01-08,0.0,-18.0,-0.5,-0.2,-0.27,-0.95,-6.0,0.2,0.0,0.4,-0.2
2014-01-09,-0.86,-8.0,0.0,0.0,-2.53,0.26,-18.0,0.0,-0.2,0.1,-0.6
2014-01-10,-3.71,-10.0,-0.2,-0.8,-1.12,-0.71,-11.0,-0.0,-0.1,1.4,-0.5
2014-01-13,2.37,-13.0,-0.1,-1.6,-0.16,5.97,-15.0,0.4,1.7,2.0,0.4
2014-01-14,-1.32,28.0,1.7,2.0,3.1,-2.29,9.0,-0.0,-0.5,0.1,-0.7
2014-01-15,-2.03,-20.0,-0.5,-0.8,0.97,1.12,3.0,0.2,1.2,1.3,0.2
2014-01-16,0.78,31.0,1.2,1.7,2.59,-0.21,-7.0,-0.0,-0.0,0.3,-0.4
2014-01-17,-0.84,12.0,-0.0,-0.3,4.51,-2.03,1.0,-0.4,-1.1,0.1,-1.3
2014-01-20,-0.39,-20.0,-1.1,-1.7,-5.47,6.46,-17.0,0.1,0.9,1.1,-0.2
2014-01-21,1.3,14.0,0.9,1.0,-4.99,-6.96,26.0,0.1,0.1,0.3,-0.2
2014-01-22,1.93,-4.0,0.1,1.4,3.33,-5.48,-6.0,0.0,0.4,0.6,-0.6
2014-01-23,-1.7,21.0,0.4,0.3,-0.82,-0.97,2.0,-0.3,0.1,0.3,-0.5
2014-01-24,1.6,-11.0,0.1,-0.2,-1.94,1.4,-3.0,-0.6,-1.3,-0.3,-1.4
2014-01-27,17.94,-39.0,-1.3,-1.9,-7.58,0.36,-4.0,-1.3,-2.0,-1.1,-2.1
2014-01-28,-5.09,-35.0,-2.0,-4.0,-20.28,11.4,5.0,-0.0,-0.1,0.4,-1.0
2014-01-29,1.81,2.0,-0.1,-0.3,-14.62,-10.42,1.0,0.4,-0.3,0.6,-0.5
2014-01-30,-4.38,3.0,-0.3,-0.8,-19.53,-23.14,-20.0,-0.4,-0.3,-0.1,-1.0
2014-01-31,-2.49,-8.0,-0.3,-2.0,12.32,61.37,49.0,0.2,0.1,0.5,-0.2
2014-02-03,8.62,14.0,0.1,0.5,1.71,-0.9,-13.0,-0.4,-1.2,-0.2,-1.3
2014-02-04,2.3,-28.0,-1.2,-1.2,-1.06,5.88,26.0,-0.7,-0.0,0.2,-1.4
2014-02-05,1.28,12.0,-0.0,1.0,1.22,0.81,-1.0,-0.2,0.2,0.3,-0.9
2014-02-06,0.05,1.0,0.2,0.1,0.84,0.68,-18.0,0.1,-0.0,0.3,-1.2
2014-02-07,-2.06,-3.0,-0.0,-0.4,-2.08,0.81,-24.0,0.7,0.4,0.8,-0.2
2014-02-10,2.7,14.0,0.4,0.6,-4.08,-3.87,0.0,0.2,-0.2,0.5,-0.3
2014-02-11,-2.2,1.0,-0.2,-0.6,0.27,-0.51,-2.0,0.4,0.1,0.5,0.0
2014-02-12,-6.44,1.0,0.1,0.4,3.11,-0.08,-1.0,0.5,0.4,0.9,0.3
2014-02-13,2.12,2.0,0.4,1.1,-2.44,-9.01,9.0,0.1,-1.5,0.1,-1.7
2014-02-14,-6.4,-35.0,-1.5,-2.2,7.28,0.75,-19.0,0.3,0.9,1.0,-0.2
2014-02-17,-4.98,23.0,0.9,0.9,-2.71,-2.28,9.0,0.4,0.5,0.7,-0.2
2014-02-18,-2.65,18.0,0.5,1.0,0.3,-2.48,13.0,-0.1,0.8,1.1,-0.1
2014-02-19,-2.21,17.0,0.8,2.2,-3.51,1.27,-10.0,-0.1,0.3,0.5,-0.2
2014-02-20,0.6,3.0,0.3,0.5,0.05,-3.31,-9.0,-0.5,-0.8,-0.3,-0.9
2014-02-21,-7.39,-30.0,-0.8,-1.6,-5.21,-2.39,17.0,0.3,0.9,1.0,0.2
2014-02-24,2.26,28.0,0.9,1.1,-6.06,-7.43,-13.0,-0.1,0.5,0.6,-0.4
2014-02-25,-2.84,10.0,0.5,1.2,-11.41,-5.84,-3.0,0.3,0.3,0.5,-0.2
2014-02-26,0.04,7.0,0.3,-0.2,-21.01,-8.69,4.0,0.5,1.0,1.1,0.5
2014-02-28,1.59,26.0,1.0,1.0,49.15,38.26,39.0,-0.1,0.3,0.4,-0.2
2014-03-03,7.79,7.0,0.3,0.0,0.72,4.41,-34.0,-0.1,-0.8,0.1,-1.0
2014-03-04,-5.82,-24.0,-0.8,-1.2,-1.84,-6.92,9.0,-9.9,1.5,1.6,-9.9
2014-03-05,-3.82,36.0,1.5,2.9,8.06,11.55,28.0,0.4,0.3,0.4,-0.4
2014-03-06,4.57,16.0,0.3,1.4,5.74,10.04,-20.0,0.3,1.2,1.3,0.1
2014-03-07,15.51,31.0,1.2,1.7,2.83,6.44,8.0,0.3,1.9,2.1,0.1
2014-03-10,6.32,22.0,1.9,5.5,14.58,8.23,-10.0,-0.4,0.3,0.7,-0.5
2014-03-11,-2.55,8.0,0.3,1.8,0.33,8.07,11.0,0.1,-0.3,0.3,-0.7
2014-03-12,-1.65,-14.0,-0.3,-0.3,2.13,-2.39,5.0,-0.3,0.1,0.5,-0.5
2014-03-13,-1.29,-2.0,0.1,-0.2,0.33,-2.32,-1.0,0.1,-0.5,0.6,-0.7
2014-03-14,-2.21,0.0,-0.5,0.9,4.24,1.3,-9.0,-0.6,0.3,0.5,-0.9
2014-03-18,4.13,3.0,0.3,-0.6,-0.19,-9.75,12.0,0.2,0.1,1.0,-0.2
2014-03-19,-1.43,9.0,0.1,0.4,1.47,-2.56,-6.0,0.3,0.0,0.4,-0.3
2014-03-20,0.16,8.0,0.0,0.6,1.49,0.94,-7.0,-0.3,-0.7,-0.0,-0.9
2014-03-21,-4.29,-20.0,-0.7,-1.5,-3.33,-7.01,-10.0,0.4,0.1,0.5,0.1
2014-03-22,-1.92,5.0,0.1,0.5,4.46,-4.23,-3.0,-0.1,0.0,0.1,-0.2
2014-03-24,4.17,7.0,0.0,-0.2,-0.52,0.51,0.0,0.4,1.3,1.5,0.3
2014-03-25,2.31,22.0,1.3,2.9,2.48,-1.48,-4.0,-0.0,0.1,0.2,-0.3
2014-03-26,4.99,2.0,0.1,0.3,-8.88,-14.97,2.0,0.5,0.1,0.5,-0.3
2014-03-27,3.42,1.0,0.1,0.5,-17.6,-10.76,-8.0,0.9,1.1,1.6,0.7
2014-03-28,1.4,26.0,1.1,1.4,37.6,37.35,45.0,0.4,0.7,0.8,0.0
2014-03-31,16.06,19.0,0.7,0.8,5.15,1.35,-13.0,0.5,0.2,0.6,-0.3
2014-04-01,-4.34,16.0,0.2,-0.1,0.61,0.37,4.0,0.4,0.2,0.4,-0.5
2014-04-02,2.55,-1.0,0.2,-1.3,0.07,-5.24,-1.0,0.3,0.5,0.6,-0.0
2014-04-03,4.22,19.0,0.5,1.2,1.45,13.98,4.0,0.1,-0.3,0.1,-0.8
2014-04-04,2.62,-4.0,-0.3,-1.1,-0.74,-7.86,-8.0,-0.0,-0.4,0.1,-0.5
2014-04-07,9.98,-11.0,-0.4,-0.0,-4.66,-10.51,26.0,0.1,-0.1,0.4,-0.7
2014-04-09,7.85,-1.0,-0.1,-0.4,2.22,1.95,-12.0,0.5,1.5,1.6,0.2
2014-04-10,6.71,30.0,1.5,3.3,4.32,9.65,-4.0,0.0,-0.2,0.4,-0.4
2014-04-11,1.63,-2.0,-0.2,-0.2,-5.33,-2.43,-16.0,-0.7,-0.3,-0.0,-0.7
2014-04-15,9.22,-10.0,-0.3,-0.8,-2.34,-3.56,-2.0,1.4,-0.7,1.4,-1.0
2014-04-16,-2.24,-21.0,-0.7,-2.3,-4.75,-4.76,-9.0,-0.1,-0.8,0.4,-1.0
2014-04-17,-0.99,-18.0,-0.8,-0.1,2.41,-0.99,2.0,0.3,1.5,1.6,0.1
2014-04-21,11.45,38.0,1.5,1.8,-2.83,2.19,-3.0,0.1,0.6,0.7,0.0
2014-04-22,-3.0,19.0,0.6,1.3,-6.92,-4.86,0.0,-0.2,-0.1,0.2,-0.3
2014-04-23,-6.66,-12.0,-0.1,0.0,-13.07,-17.69,-9.0,0.0,0.1,0.4,-0.1
2014-04-25,-1.45,-4.0,0.1,0.8,-15.25,-49.62,-26.0,0.9,-0.2,0.9,-0.5
2014-04-28,2.3,4.0,-0.2,0.2,-4.84,0.99,69.0,-0.3,-0.1,0.3,-0.5
2014-04-29,-1.07,-8.0,-0.1,0.5,2.71,10.84,23.0,0.0,-0.9,0.0,-1.1
2014-04-30,-1.47,-30.0,-0.9,-1.4,-6.29,3.96,-20.0,0.3,-0.5,1.0,-1.0
2014-05-02,8.05,-15.0,-0.5,-0.6,0.41,-0.36,-22.0,0.4,0.0,0.8,-0.1
2014-05-05,3.43,7.0,0.0,-0.0,-0.76,2.09,3.0,-0.1,0.1,0.8,-0.2
2014-05-06,-2.69,4.0,0.1,0.3,2.25,4.2,6.0,0.3,0.2,0.6,-0.1
2014-05-07,1.04,-1.0,0.2,0.6,-1.87,4.86,-7.0,-0.0,-1.0,0.0,-1.1
2014-05-08,2.05,-23.0,-1.0,-0.3,7.31,2.35,-3.0,0.6,-0.0,0.6,-0.3
2014-05-09,9.93,8.0,-0.0,0.8,-1.55,5.22,-12.0,-0.0,3.1,3.2,-0.2
2014-05-12,-1.59,40.0,3.1,5.5,6.65,16.9,10.0,0.4,2.3,2.4,0.4
2014-05-13,-13.63,29.0,2.3,2.5,2.98,-7.39,-1.0,1.1,1.3,2.3,0.5
2014-05-14,1.16,28.0,1.3,0.5,6.91,-1.57,-4.0,0.2,0.1,0.5,-0.4
2014-05-15,13.4,10.0,0.1,0.3,6.33,8.09,8.0,-0.0,0.0,0.6,-0.4
2014-05-16,-33.92,-2.0,0.0,-0.0,5.37,3.9,-17.0,2.9,1.4,6.7,0.2
2014-05-19,-15.08,16.0,1.4,4.5,20.19,18.83,29.0,0.8,0.5,1.1,-0.4
2014-05-20,-6.77,8.0,0.5,2.3,1.64,6.23,-34.0,0.3,0.3,0.9,-0.2
2014-05-21,-6.88,6.0,0.3,-0.6,-1.3,6.33,11.0,-0.5,-0.3,0.2,-0.9
2014-05-22,-0.42,-12.0,-0.3,-1.1,2.33,-1.49,3.0,0.4,0.2,0.8,-0.0
2014-05-23,-0.73,1.0,0.2,0.6,-4.43,2.06,-13.0,0.5,1.2,1.4,0.2
2014-05-26,12.06,18.0,1.2,1.5,-0.58,0.76,-4.0,0.9,-0.3,1.8,-1.6
2014-05-27,-3.73,-10.0,-0.3,-1.0,-8.94,-7.64,-16.0,-0.0,-0.6,0.1,-1.1
2014-05-28,-8.08,-12.0,-0.6,-0.6,-13.12,1.68,-1.0,0.0,0.2,0.3,-0.2
2014-05-29,-4.94,-4.0,0.2,0.5,-12.25,-0.76,0.0,0.1,-0.9,0.6,-1.2
2014-05-30,-2.13,-5.0,-0.9,-0.7,35.51,52.31,39.0,0.1,-0.4,0.4,-0.6
2014-06-02,0.99,2.0,-0.4,-2.0,8.47,4.97,-37.0,0.3,1.9,2.0,0.1
2014-06-03,-4.26,24.0,1.9,3.5,-1.13,-4.47,6.0,0.2,0.7,0.9,-0.3
2014-06-04,-1.46,8.0,0.7,-0.4,-3.96,-3.58,-4.0,0.0,-0.1,0.2,-0.3
2014-06-05,-0.75,-3.0,-0.1,0.6,-4.66,-3.92,12.0,-0.0,0.9,1.1,-0.5
2014-06-06,3.46,22.0,0.9,0.1,-7.1,-0.28,-2.0,0.8,1.4,1.5,0.3
2014-06-09,6.96,22.0,1.4,1.7,-0.77,-3.51,-7.0,0.5,1.0,1.3,0.4
2014-06-10,-2.53,20.0,1.0,0.1,8.9,1.72,10.0,0.1,-0.0,0.1,-1.1
2014-06-11,2.39,-5.0,-0.0,-0.7,6.07,1.37,-4.0,0.0,-0.4,0.6,-0.8
2014-06-12,-0.92,-10.0,-0.4,0.0,-0.05,-0.95,-2.0,0.0,0.4,0.5,-0.4
2014-06-13,5.09,13.0,0.4,0.4,3.78,-0.38,5.0,0.2,-1.4,0.2,-1.6
2014-06-16,1.24,-30.0,-1.4,-2.4,-9.34,1.18,5.0,-0.1,-0.0,0.2,-0.6
2014-06-17,-1.6,4.0,-0.0,-0.5,-1.15,-2.28,10.0,-0.2,1.3,1.4,-0.3
2014-06-18,5.0,29.0,1.3,2.3,-1.0,4.35,0.0,-0.0,-1.1,0.2,-1.7
2014-06-19,0.87,-26.0,-1.1,-1.3,-4.61,-1.39,-19.0,0.3,-0.1,0.6,-0.6
2014-06-20,0.56,-1.0,-0.1,-0.9,0.61,-2.94,11.0,-0.0,-0.5,0.2,-0.6
2014-06-23,0.61,-15.0,-0.5,-0.4,-1.74,-4.32,-7.0,0.2,-0.3,0.3,-0.8
2014-06-24,1.19,11.0,-0.3,0.5,-2.94,-3.48,-2.0,0.3,1.2,1.5,0.3
2014-06-25,-4.56,28.0,1.2,1.4,-16.14,-16.64,3.0,-0.1,-0.3,0.0,-0.4
2014-06-26,-3.33,-5.0,-0.3,-0.5,-18.45,-15.31,-13.0,0.3,-0.5,1.1,-0.6
2014-06-27,-0.42,-9.0,-0.5,-0.3,30.2,78.11,48.0,0.2,0.1,0.5,-0.3
2014-06-30,1.39,2.0,0.1,-0.5,-1.17,3.22,-8.0,0.2,1.2,1.4,0.1
2014-07-01,-1.17,31.0,1.2,1.5,-0.56,2.4,-17.0,0.2,0.4,0.6,0.0
2014-07-02,-0.52,-1.0,0.4,0.4,-2.65,-2.31,7.0,0.6,1.1,1.3,0.5
2014-07-03,1.34,34.0,1.1,1.1,6.73,2.67,-5.0,0.2,-0.2,0.3,-0.3
2014-07-04,1.97,-20.0,-0.2,-0.3,-1.14,-1.8,-4.0,0.2,0.6,0.7,-0.8
2014-07-07,6.9,12.0,0.6,0.9,-0.54,5.34,12.0,0.4,0.2,0.4,-0.3
2014-07-08,-1.17,1.0,0.2,-1.3,0.58,2.39,-25.0,0.1,-1.9,0.2,-2.3
2014-07-09,-5.17,-37.0,-1.9,-2.5,-4.48,1.51,19.0,0.0,-0.7,0.3,-1.1
2014-07-10,-12.22,-14.0,-0.7,-0.5,-0.73,-0.78,-16.0,0.2,-0.3,2.0,-1.5
2014-07-11,-1.52,-5.0,-0.3,-1.0,0.1,-3.51,-6.0,-0.2,-1.3,0.8,-1.5
2014-07-14,-1.02,-16.0,-1.3,-2.5,0.64,-4.22,16.0,0.1,-0.1,0.3,-0.5
2014-07-15,-5.11,-1.0,-0.1,0.4,3.24,-0.11,1.0,0.5,0.8,1.0,-0.1
2014-07-16,-0.25,21.0,0.8,2.6,1.58,0.51,-13.0,0.4,1.4,1.6,-0.0
2014-07-17,1.6,29.0,1.4,2.5,1.14,8.4,8.0,-0.0,0.2,0.4,-0.2
2014-07-18,0.87,8.0,0.2,-0.1,1.84,-5.59,0.0,-0.5,0.1,0.4,-0.9
2014-07-21,-1.31,-5.0,0.1,0.8,1.4,2.38,-17.0,0.4,0.2,0.6,0.1
2014-07-22,-1.73,5.0,0.2,-0.0,-0.09,-2.82,-4.0,0.4,1.1,1.1,0.3
2014-07-23,0.34,23.0,1.1,0.3,9.26,-3.63,-3.0,0.3,0.3,0.5,-0.3
2014-07-24,0.2,-2.0,0.3,0.3,2.58,-1.1,-5.0,-0.0,0.5,0.6,-0.4
2014-07-25,-3.4,13.0,0.5,0.4,-2.2,-7.92,9.0,-0.2,-0.6,-0.0,-1.1
2014-07-28,0.72,-15.0,-0.6,-1.3,-9.73,-2.52,-10.0,0.0,-0.5,0.2,-0.8
2014-07-30,-3.04,-19.0,-0.5,-0.8,-19.66,-19.0,-1.0,0.1,0.6,0.7,-0.4
2014-07-31,-0.47,23.0,0.6,1.5,-18.97,-13.51,3.0,0.3,-0.5,0.5,-0.6
2014-08-01,10.11,-17.0,-0.5,-0.6,32.88,32.88,42.0,-0.8,-1.7,-0.1,-1.8
2014-08-04,-2.66,-32.0,-1.7,-1.0,-5.63,3.98,-12.0,0.5,1.3,1.4,0.3
2014-08-05,-5.86,33.0,1.3,0.9,2.21,-1.68,19.0,0.2,0.7,0.9,-0.8
2014-08-06,2.51,14.0,0.7,0.2,2.93,1.53,-11.0,-0.3,-1.0,-0.2,-1.2
2014-08-07,-1.12,-20.0,-1.0,-1.8,4.62,9.28,-9.0,-0.2,-0.3,0.8,-0.5
2014-08-08,3.4,0.0,-0.3,-0.2,-4.65,-1.53,2.0,-0.8,-1.0,-0.7,-1.4
2014-08-11,-4.24,-27.0,-1.0,-1.6,-6.79,7.87,4.0,0.8,0.7,0.8,0.3
2014-08-12,-3.79,11.0,0.7,0.5,2.56,-2.29,-11.0,0.8,1.4,1.5,0.3
2014-08-13,2.19,37.0,1.4,1.4,2.74,1.73,7.0,-0.3,-0.0,0.4,-0.5
2014-08-14,-3.94,-7.0,-0.0,-1.1,9.92,2.14,-18.0,0.2,0.7,0.8,0.0
2014-08-18,2.14,19.0,0.7,1.2,1.83,2.43,6.0,-0.2,0.9,1.1,-0.4
2014-08-19,2.98,27.0,0.9,2.2,4.45,14.62,-11.0,0.2,0.4,0.6,0.1
2014-08-20,-1.76,19.0,0.4,0.6,1.29,3.59,11.0,-0.0,-0.2,0.1,-0.4
2014-08-21,0.53,-9.0,-0.2,-0.1,-1.04,-2.95,5.0,-0.0,0.2,0.6,-0.3
2014-08-22,-0.82,1.0,0.2,1.0,-2.56,8.0,-5.0,0.1,0.3,0.5,0.0
2014-08-25,1.23,9.0,0.3,1.0,-2.16,2.93,3.0,-0.0,-0.2,0.6,-0.3
2014-08-26,0.83,-12.0,-0.2,-0.9,-10.67,-12.24,-6.0,-0.3,-0.1,0.0,-0.6
2014-08-27,-6.04,1.0,-0.1,-0.2,-18.09,-12.53,-10.0,0.3,0.3,0.5,0.1
2014-08-28,0.04,11.0,0.3,0.4,-15.77,-11.84,-8.0,0.7,0.7,1.0,0.5
2014-09-01,3.54,7.0,0.7,0.5,46.74,48.73,46.0,0.4,1.0,1.1,0.4
2014-09-02,-0.61,31.0,1.0,2.1,2.44,15.48,12.0,-0.2,0.6,0.9,-0.2
2014-09-03,-0.41,13.0,0.6,0.6,2.12,4.13,-4.0,0.2,0.2,0.6,-0.0
2014-09-04,-2.35,-1.0,0.2,-0.1,1.22,-0.16,-16.0,-0.2,-0.1,-0.0,-0.6
2014-09-05,-1.09,6.0,-0.1,-0.4,-5.81,-3.97,13.0,0.0,-0.2,0.2,-0.7
2014-09-08,-1.1,-1.0,-0.2,-0.4,-3.63,-0.99,-8.0,0.3,0.9,1.0,0.3
2014-09-09,-0.27,32.0,0.9,1.3,3.29,6.16,-14.0,0.1,-0.1,0.1,-0.4
2014-09-10,1.35,-5.0,-0.1,-0.2,-4.17,-3.01,13.0,-0.3,-0.6,-0.3,-0.9
2014-09-11,-3.19,-22.0,-0.6,0.0,-4.55,3.55,9.0,0.1,-0.1,0.2,-0.7
2014-09-12,-1.22,-3.0,-0.1,0.3,-3.87,-3.95,-3.0,-0.1,0.2,0.4,-0.3
2014-09-15,7.2,10.0,0.2,0.2,-1.69,0.13,-2.0,-0.5,-0.9,-0.5,-1.1
2014-09-16,0.21,-29.0,-0.9,-0.6,-1.78,-2.03,-14.0,-0.1,-1.3,-0.1,-1.4
2014-09-17,-2.52,-31.0,-1.3,-2.0,-3.93,-2.97,9.0,0.4,0.4,0.6,0.0
2014-09-18,-4.81,9.0,0.4,0.0,-2.19,-7.51,-13.0,-0.4,1.8,1.9,-0.5
2014-09-19,-3.55,40.0,1.8,1.9,7.54,-2.33,5.0,-0.0,-0.1,0.4,-0.3
2014-09-22,-2.71,4.0,-0.1,-0.3,-6.19,-3.1,-15.0,-0.6,0.3,0.6,-0.8
2014-09-23,7.31,5.0,0.3,0.4,-13.0,-4.01,3.0,-0.2,-1.5,0.1,-1.6
2014-09-24,1.01,-40.0,-1.5,-1.8,-8.78,-5.52,3.0,-0.1,-0.2,0.2,-0.9
2014-09-25,6.08,-4.0,-0.2,-1.0,-20.16,-7.93,-2.0,0.7,-0.5,0.7,-0.9
2014-09-26,-2.78,-10.0,-0.5,-2.0,27.76,64.96,60.0,-0.2,0.8,1.1,-0.9
2014-09-29,3.54,15.0,0.8,1.8,4.0,-2.89,3.0,-0.2,-0.5,0.1,-0.8
2014-09-30,-1.79,-18.0,-0.5,-1.2,-5.52,0.15,-35.0,-0.2,0.1,1.1,-0.4
2014-10-01,-1.1,-1.0,0.1,-0.4,1.28,-3.91,-1.0,-0.1,-0.2,0.2,-0.3
2014-10-07,11.25,-12.0,-0.2,-0.6,-0.4,-1.07,5.0,-0.7,-1.2,-0.2,-1.3
2014-10-08,-2.42,-33.0,-1.2,-0.8,4.04,5.86,1.0,-0.3,0.1,0.4,-0.5
2014-10-09,-6.78,19.0,0.1,1.2,0.31,1.1,18.0,0.5,1.2,1.4,0.3
2014-10-10,8.93,25.0,1.2,2.3,0.59,0.96,-30.0,-0.8,-1.3,-0.5,-1.5
2014-10-13,1.19,-28.0,-1.3,-2.0,-6.0,-3.76,-3.0,-0.7,0.3,0.5,-0.9
2014-10-14,0.64,10.0,0.3,1.4,-3.94,8.96,0.0,0.5,-0.2,0.5,-0.8
2014-10-16,12.61,-8.0,-0.2,0.6,-0.73,-2.21,6.0,-0.3,-1.5,0.3,-1.7
2014-10-17,-0.2,-34.0,-1.5,-1.4,-1.89,-0.89,-1.0,0.3,0.5,1.2,-0.3
2014-10-20,-13.48,23.0,0.5,2.7,8.35,9.29,9.0,1.3,1.0,1.6,0.8
2014-10-21,-6.06,33.0,1.0,1.6,3.75,4.1,-25.0,0.2,0.6,0.8,-0.1
2014-10-22,-2.25,19.0,0.6,1.3,3.44,7.13,1.0,0.8,0.8,1.0,0.6
2014-10-23,-1.29,19.0,0.8,0.1,1.88,-4.41,-2.0,0.3,0.1,0.3,0.0
2014-10-27,5.07,15.0,0.1,0.0,-0.86,1.53,-10.0,0.5,-0.3,0.5,-0.4
2014-10-28,-1.42,-7.0,-0.3,0.6,-5.86,-7.65,-4.0,0.2,0.5,0.7,0.1
2014-10-29,-2.38,7.0,0.5,0.6,-14.53,-7.84,8.0,0.5,0.6,0.7,0.2
2014-10-30,2.0,16.0,0.6,-0.3,-11.15,-15.15,-18.0,0.4,1.3,1.6,0.2
2014-10-31,0.23,37.0,1.3,1.1,30.57,50.71,37.0,0.4,1.9,2.0,0.3
2014-11-03,3.33,38.0,1.9,1.9,11.89,6.94,2.0,0.3,0.1,0.4,-0.1
2014-11-05,0.13,-2.0,0.1,0.5,3.04,1.67,7.0,0.3,0.2,0.6,0.0
2014-11-07,2.58,-1.0,0.2,1.4,5.96,10.28,6.0,0.1,0.0,0.2,-0.6
2014-11-10,-1.28,-1.0,0.0,-0.1,1.67,-4.43,4.0,0.2,-0.0,0.4,-0.5
2014-11-11,6.25,-2.0,-0.0,-0.5,0.22,-3.83,-12.0,0.2,0.2,0.3,-0.3
2014-11-12,-2.47,1.0,0.2,0.8,0.3,3.6,-2.0,0.2,0.3,0.6,0.1
2014-11-13,-4.4,-1.0,0.3,1.0,2.5,7.02,2.0,0.1,-0.5,0.1,-0.8
2014-11-14,1.25,-7.0,-0.5,-0.9,-2.83,-8.67,-15.0,0.1,0.4,0.6,-0.1
2014-11-17,3.13,17.0,0.4,0.8,-1.09,4.25,5.0,-0.1,0.4,0.6,-0.5
2014-11-18,-2.39,7.0,0.4,0.2,-0.16,0.21,-6.0,-0.0,-0.0,0.2,-0.2
2014-11-19,1.99,0.0,-0.0,0.2,-0.85,5.12,5.0,0.2,-0.5,0.2,-0.8
2014-11-20,-1.25,-20.0,-0.5,-0.6,-2.76,-7.23,2.0,0.1,0.1,0.2,-0.5
2014-11-21,-2.21,-4.0,0.1,0.2,-2.61,-2.34,-11.0,0.0,0.9,1.1,-0.1
2014-11-24,-6.03,22.0,0.9,2.4,-2.1,4.62,-4.0,0.4,0.5,0.6,0.2
2014-11-25,3.9,5.0,0.5,1.2,-9.84,-10.71,-12.0,0.0,-0.8,0.1,-1.2
2014-11-26,-3.99,-14.0,-0.8,-1.3,-30.99,-21.16,-2.0,-0.1,0.2,0.6,-0.3
2014-11-27,-1.87,1.0,0.2,-0.4,-27.82,-7.86,0.0,0.4,0.8,0.9,0.3
2014-11-28,1.22,25.0,0.8,0.9,28.94,42.82,58.0,0.3,1.1,1.4,0.3
2014-12-01,2.36,20.0,1.1,2.9,6.09,11.32,-4.0,-0.1,-0.5,0.3,-0.6
2014-12-02,-6.12,-9.0,-0.5,-0.1,-1.21,0.52,-11.0,-0.1,-0.2,0.1,-0.7
2014-12-03,-0.22,-7.0,-0.2,0.1,-2.51,6.44,12.0,-0.0,0.0,0.2,-0.4
2014-12-04,0.63,3.0,0.0,0.3,-4.11,0.42,-11.0,0.5,0.3,0.6,-0.2
2014-12-05,-3.98,-3.0,0.3,0.6,-3.02,0.54,0.0,0.2,-0.3,0.2,-0.4
2014-12-08,2.15,-22.0,-0.3,-0.0,1.22,1.19,4.0,-0.1,-1.1,0.1,-1.2
2014-12-09,2.36,-24.0,-1.1,-1.2,5.79,4.2,9.0,-0.4,-1.1,-0.1,-1.3
2014-12-10,-2.02,-32.0,-1.1,-1.1,3.86,-7.29,2.0,-0.3,0.2,0.4,-0.3
2014-12-11,4.33,10.0,0.2,1.1,-0.67,0.77,-2.0,-0.4,-0.8,-0.1,-1.1
2014-12-12,7.67,-24.0,-0.8,-0.5,0.74,-3.42,-2.0,0.1,-0.8,0.3,-0.9
2014-12-15,1.95,-22.0,-0.8,-0.5,4.53,-0.81,5.0,-0.5,-0.1,0.1,-0.6
2014-12-16,16.32,-12.0,-0.1,0.4,1.73,-5.09,-6.0,-0.6,-1.8,-0.5,-2.0
2014-12-17,3.79,-33.0,-1.8,-3.1,1.72,5.0,2.0,-0.3,-0.7,0.0,-1.3
2014-12-18,-13.75,-15.0,-0.7,0.2,0.05,-9.34,-21.0,1.0,1.5,1.7,0.5
2014-12-19,-0.6,34.0,1.5,2.4,-8.02,0.79,-13.0,0.7,0.7,1.2,0.6
2014-12-22,-2.07,17.0,0.7,0.6,-10.19,-12.7,-8.0,0.3,1.1,1.3,-0.0
2014-12-23,7.65,35.0,1.1,1.4,-9.32,-8.83,-6.0,0.0,-0.8,0.4,-0.9
2014-12-24,-1.49,-19.0,-0.8,-0.7,-25.58,-31.33,-6.0,0.8,0.1,1.0,-0.1
2014-12-26,-2.82,-3.0,0.1,0.7,30.85,44.83,120.0,-0.0,-0.0,0.5,-0.8
2014-12-29,-0.43,6.0,-0.0,-0.1,-0.71,4.99,-37.0,0.1,0.5,1.0,0.1
2014-12-30,1.92,30.0,0.5,-0.3,1.85,4.06,-4.0,0.1,0.0,0.2,-0.4
2015-01-01,-0.63,14.0,0.2,0.4,1.04,7.11,0.0,0.0,0.3,0.5,-0.3
2015-01-02,-8.19,0.0,0.1,0.0,-0.14,-0.17,-37.0,0.1,1.4,1.5,0.1
2015-01-05,2.59,32.0,1.4,1.7,1.36,2.56,3.0,-0.1,-0.4,0.4,-0.6
2015-01-06,23.09,-5.0,-0.4,-0.4,-3.4,0.16,-22.0,-0.0,-3.1,-0.0,-5.0
2015-01-07,4.13,-44.0,-3.1,-3.3,-7.44,9.14,-15.0,-0.1,-0.2,0.3,-0.8
2015-01-08,-9.19,1.0,-0.2,-0.6,-2.31,1.06,11.0,0.8,1.4,1.6,0.6
2015-01-09,-3.14,38.0,1.4,2.0,-4.9,-1.75,-21.0,0.6,0.7,0.9,-0.6
2015-01-12,0.97,-5.0,0.7,-0.4,-3.86,-0.55,9.0,-0.1,0.5,0.6,-0.5
2015-01-13,2.31,-2.0,0.5,1.0,2.59,3.33,8.0,0.3,-0.5,0.3,-1.0
2015-01-14,4.64,-14.0,-0.5,-0.7,2.45,-5.91,-24.0,0.3,-0.1,0.4,-0.9
2015-01-15,-6.31,-2.0,-0.1,-0.4,-2.26,3.95,15.0,2.0,2.5,3.1,1.4
2015-01-16,6.9,38.0,2.5,3.1,17.46,-3.98,-11.0,-0.2,0.2,0.5,-0.5
2015-01-19,2.17,9.0,0.2,0.1,-2.77,0.97,0.0,0.4,0.5,0.6,0.1
2015-01-20,-2.14,8.0,0.5,0.9,-0.0,0.54,2.0,0.2,1.7,1.8,0.2
2015-01-21,2.55,29.0,1.7,1.9,8.27,1.93,-2.0,0.3,0.2,0.5,-0.1
2015-01-22,4.81,2.0,0.2,0.3,2.14,-6.46,-15.0,0.3,0.5,0.6,0.1
2015-01-23,-3.66,9.0,0.5,0.4,2.05,-3.87,10.0,0.8,0.7,1.1,0.4
2015-01-27,1.12,11.0,0.7,0.7,0.44,-3.29,-10.0,0.3,0.9,1.1,-0.1
2015-01-28,9.32,13.0,0.9,2.3,-29.33,5.32,4.0,-0.2,-0.2,0.8,-0.6
2015-01-29,-1.71,-1.0,-0.2,-0.5,-33.36,-20.79,-25.0,0.6,0.9,1.1,0.2
2015-01-30,3.81,14.0,0.9,0.9,21.15,27.35,49.0,0.2,-1.3,0.5,-1.8
2015-02-02,1.15,-23.0,-1.3,-3.3,3.07,5.31,34.0,-0.3,-0.1,0.6,-0.8
2015-02-03,-2.93,-3.0,-0.1,0.3,-2.1,12.55,-1.0,0.4,-0.6,0.6,-0.9
2015-02-04,1.22,-3.0,-0.6,-2.7,1.71,9.71,-10.0,0.4,-0.4,0.5,-0.6
2015-02-05,2.82,-8.0,-0.4,-1.1,-0.45,-1.53,-1.0,-0.1,-0.3,1.3,-0.7
2015-02-06,0.34,-15.0,-0.3,-0.7,-1.77,-7.47,-15.0,-0.2,-0.5,0.1,-0.6
2015-02-09,6.43,-19.0,-0.5,-1.4,0.52,-7.72,14.0,-0.8,-1.7,-0.8,-1.8
2015-02-10,-3.74,-30.0,-1.7,-2.1,-0.64,6.72,-16.0,-0.7,0.6,1.4,-0.8
2015-02-11,-3.26,15.0,0.6,2.0,0.56,-8.25,11.0,0.5,0.7,1.0,-0.0
2015-02-12,-1.68,29.0,0.7,1.0,-0.54,2.55,-4.0,0.6,0.9,1.1,-0.5
2015-02-13,-0.27,16.0,0.9,1.0,2.01,2.68,-3.0,0.4,1.0,1.4,0.1
2015-02-16,3.59,25.0,1.0,1.2,1.98,1.15,-6.0,0.3,0.0,0.7,-0.1
2015-02-18,0.42,-6.0,0.0,-1.0,0.94,0.88,0.0,0.0,0.5,0.9,-0.1
2015-02-19,-2.46,13.0,0.5,0.6,-1.92,-1.69,-16.0,0.1,0.3,0.5,-1.0
2015-02-20,4.27,4.0,0.3,-0.6,-2.65,-0.45,-2.0,-0.1,-0.7,0.0,-1.0
2015-02-23,1.72,-29.0,-0.7,-0.8,-7.78,1.89,-5.0,1.1,-1.1,1.1,-1.3
2015-02-24,-0.38,-26.0,-1.1,-1.0,-27.96,1.14,-20.0,0.1,0.2,0.7,-0.3
2015-02-25,-3.6,8.0,0.2,-0.1,-23.15,-11.34,15.0,0.6,-0.1,0.9,-0.3
2015-02-26,-0.94,-18.0,-0.1,-0.8,-26.32,-12.37,-13.0,0.3,-0.4,0.7,-0.5
2015-02-27,-4.91,-12.0,-0.4,-0.2,21.34,92.15,53.0,0.5,1.8,2.0,0.3
2015-02-28,-13.29,38.0,1.8,2.8,0.87,-2.92,-2.0,0.8,0.8,1.2,-1.1
2015-03-02,-6.61,22.0,0.8,3.3,6.27,1.33,20.0,0.7,0.4,0.8,-0.2
2015-03-03,-2.24,13.0,0.4,1.6,3.4,-1.4,-22.0,-0.0,0.6,0.7,-0.3
2015-03-04,-1.9,14.0,0.6,-0.3,4.63,1.25,16.0,1.0,-1.1,1.5,-1.4
2015-03-05,-5.0,-32.0,-1.1,-1.8,-3.31,10.11,-27.0,0.0,0.4,0.6,-0.8
2015-03-09,9.52,5.0,0.4,0.8,-3.01,4.72,19.0,-1.5,-2.3,-0.6,-2.5
2015-03-10,-1.77,-37.0,-2.3,-3.3,-4.09,-1.15,-25.0,0.0,-0.3,0.3,-0.8
2015-03-11,-2.59,-15.0,-0.3,-0.5,-0.83,-4.11,23.0,-0.0,-0.1,0.6,-0.4
2015-03-12,-2.51,-13.0,-0.1,0.1,0.4,3.96,5.0,0.5,0.7,0.8,0.2
2015-03-13,1.46,19.0,0.7,0.4,0.35,-2.76,-18.0,0.7,-1.6,0.7,-1.8
2015-03-16,1.42,-37.0,-1.6,-2.0,-1.27,13.65,-11.0,-0.1,-0.1,0.2,-0.4
2015-03-17,-0.33,-2.0,-0.1,0.5,1.24,4.64,7.0,0.6,0.9,1.1,-0.2
2015-03-18,2.55,27.0,0.9,0.9,-3.42,-7.5,-19.0,0.4,-0.4,0.4,-0.6
2015-03-19,-2.03,-4.0,-0.4,0.6,-3.08,0.32,3.0,0.7,-0.8,1.3,-1.1
2015-03-20,-6.17,-18.0,-0.8,-2.1,-1.23,5.73,-21.0,-0.1,-0.4,0.1,-0.7
2015-03-23,0.07,-16.0,-0.4,-0.9,-0.88,0.39,35.0,0.2,-0.4,0.3,-0.6
2015-03-24,-4.19,-3.0,-0.4,-1.0,-3.99,-2.15,-20.0,-0.2,0.1,1.0,-0.2
2015-03-25,-3.88,4.0,0.1,-0.6,-23.16,-17.19,20.0,0.1,-0.5,0.2,-0.6
2015-03-26,15.37,-13.0,-0.5,-0.3,-34.74,-13.81,-31.0,0.5,-0.9,0.5,-1.1
2015-03-27,-4.37,-15.0,-0.9,-1.4,50.2,57.32,131.0,0.1,-0.2,0.3,-1.2
2015-03-30,-1.64,-6.0,-0.2,1.2,-2.52,-5.27,-24.0,0.5,1.5,1.6,0.2
2015-03-31,1.61,30.0,1.5,1.4,-5.47,-1.74,-35.0,0.3,-0.3,0.6,-0.7
2015-04-01,-5.71,-5.0,-0.3,-1.2,-3.01,3.81,-25.0,-0.0,1.2,1.3,-0.3
2015-04-06,6.64,25.0,1.2,2.3,-2.78,-11.84,3.0,0.3,0.7,0.7,-0.3
2015-04-07,-2.21,6.0,0.7,-0.3,-1.95,-3.79,-20.0,0.3,0.2,0.5,-0.8
2015-04-08,0.68,5.0,0.2,-0.5,-0.26,1.64,24.0,0.4,0.6,0.8,0.1
2015-04-09,0.49,13.0,0.6,-0.3,3.32,2.65,-4.0,0.4,0.6,0.7,-0.5
2015-04-10,-1.13,7.0,0.6,2.4,-0.5,-5.9,-18.0,-0.1,0.0,0.1,-0.5
2015-04-13,1.63,3.0,0.0,-0.5,0.22,-2.42,-2.0,0.1,0.5,0.7,-0.2
2015-04-15,0.91,9.0,0.5,-0.0,-1.8,5.39,-11.0,-0.1,-0.8,0.2,-1.1
2015-04-16,2.26,-28.0,-0.8,-0.5,3.36,-5.73,17.0,-0.1,-0.7,0.0,-1.3
2015-04-17,0.6,-18.0,-0.7,-0.5,-0.27,1.41,-19.0,-0.2,-1.0,-0.0,-1.1
2015-04-20,8.36,-29.0,-1.0,-1.4,5.85,2.39,16.0,-0.0,-2.0,0.0,-2.2
2015-04-21,4.49,-38.0,-2.0,-1.4,-0.24,11.82,-12.0,-0.4,-0.8,0.4,-1.1
2015-04-22,1.06,-15.0,-0.8,0.1,5.04,-0.29,1.0,0.3,0.7,1.0,-1.2
2015-04-23,7.5,18.0,0.7,0.8,-0.72,-2.65,10.0,0.5,-0.7,0.8,-1.1
2015-04-24,3.27,-10.0,-0.7,-0.2,-4.39,-5.3,-29.0,0.0,-1.0,0.0,-1.5
2015-04-27,-1.94,-24.0,-1.0,-1.3,-4.05,0.8,8.0,0.3,-1.2,0.3,-1.3
2015-04-28,-7.07,-25.0,-1.2,-1.3,-9.72,-9.33,-5.0,-0.2,0.8,1.2,-0.4
2015-04-29,-1.01,13.0,0.8,2.6,-19.82,-22.62,-3.0,-0.8,-0.7,0.3,-0.9
2015-04-30,-0.06,-16.0,-0.7,0.3,-22.11,-16.34,-10.0,0.5,0.1,0.6,-0.5
2015-05-04,0.48,-2.0,0.1,1.0,45.87,60.53,78.0,0.1,1.6,1.7,0.1
2015-05-05,0.33,32.0,1.6,0.6,-3.09,5.47,-28.0,-0.3,-0.1,0.3,-0.8
2015-05-06,13.27,-7.0,-0.1,-0.2,-8.44,5.57,-4.0,-0.2,-2.9,-0.2,-3.0
2015-05-07,-0.1,-43.0,-2.9,-3.9,-2.02,22.26,-13.0,-0.4,-0.5,0.3,-1.2
2015-05-08,-2.75,-7.0,-0.5,-2.3,-7.46,-4.63,0.0,0.8,1.6,2.0,0.7
2015-05-11,-2.54,24.0,1.6,2.3,-8.29,-13.32,-8.0,0.6,1.6,1.8,0.4
2015-05-12,10.31,34.0,1.6,2.2,-2.18,-6.02,-3.0,-0.2,-2.5,-0.1,-2.7
2015-05-13,0.68,-40.0,-2.5,-3.2,3.18,9.3,-15.0,0.6,1.5,1.8,-0.4
2015-05-14,0.07,30.0,1.5,2.8,-1.62,-9.49,14.0,-0.1,-0.2,0.1,-1.3
2015-05-15,-4.28,1.0,-0.2,0.1,1.55,1.77,-2.0,0.2,0.3,0.7,-0.3
2015-05-18,-9.65,5.0,0.3,0.2,-0.51,-4.94,-18.0,0.3,1.4,1.5,0.0
2015-05-19,2.05,35.0,1.4,1.3,-2.75,8.18,0.0,-0.9,-0.1,0.8,-1.3
2015-05-20,-3.02,0.0,-0.1,-0.2,-0.15,-4.82,2.0,0.3,0.7,1.0,0.1
2015-05-21,-1.72,16.0,0.7,0.9,-0.14,5.67,0.0,0.1,-0.1,0.2,-0.5
2015-05-22,-2.67,6.0,-0.1,-0.1,-3.23,-4.03,-3.0,-0.2,0.4,0.8,-0.2
2015-05-25,-0.09,5.0,0.4,-0.7,-2.12,4.35,-6.0,-0.1,-1.0,-0.1,-1.2
2015-05-26,0.8,-20.0,-1.0,-0.5,-7.39,-8.43,6.0,0.0,-0.4,0.0,-0.7
2015-05-27,1.26,-6.0,-0.4,0.0,-9.77,-8.65,0.0,-0.5,-0.1,0.1,-0.8
2015-05-28,-0.87,1.0,-0.1,1.2,-19.99,-12.03,-1.0,0.3,-0.2,0.5,-0.7
2015-05-29,-2.77,-5.0,-0.2,-0.1,27.63,63.22,2.0,0.1,1.7,1.8,-0.1
2015-06-01,1.53,40.0,1.7,1.5,22.18,0.36,31.0,-0.1,-0.3,0.3,-0.4
2015-06-02,-0.55,-2.0,-0.3,-0.7,1.56,7.67,-32.0,0.1,-2.4,0.1,-2.6
2015-06-03,4.07,-44.0,-2.4,-3.8,0.08,25.27,-11.0,-0.3,-1.1,-0.0,-1.5
2015-06-04,3.53,-23.0,-1.1,-1.2,-0.53,2.23,15.0,0.0,0.1,0.3,-1.0
2015-06-05,-0.19,-5.0,0.1,0.2,1.44,2.97,11.0,-0.3,-0.3,0.7,-0.5
2015-06-08,4.41,-10.0,-0.3,-1.2,0.48,2.7,-14.0,-0.0,-0.9,0.2,-1.0
2015-06-09,-4.63,-32.0,-0.9,-0.7,-0.54,0.69,1.0,-0.2,-0.2,0.2,-0.5
2015-06-10,-5.18,-1.0,-0.2,0.5,0.81,-1.58,10.0,-0.1,1.1,1.5,-0.2
2015-06-11,4.26,35.0,1.1,1.0,-5.92,-5.96,-15.0,0.4,-2.0,0.4,-2.1
2015-06-12,-1.84,-44.0,-2.0,-2.3,7.67,13.82,-3.0,-0.1,0.2,0.4,-0.4
2015-06-15,0.27,6.0,0.2,1.3,0.4,4.6,3.0,-0.1,0.4,1.1,-0.4
2015-06-16,-2.04,-3.0,0.4,-0.5,-4.57,5.95,-1.0,-0.3,0.5,0.7,-0.8
2015-06-17,-2.56,23.0,0.5,0.9,-2.18,2.46,6.0,0.6,0.4,1.0,-0.1
2015-06-18,-4.26,6.0,0.4,-0.3,0.61,-2.85,-15.0,0.2,1.0,1.2,0.1
2015-06-19,-5.81,22.0,1.0,0.9,1.46,-9.03,-6.0,0.3,1.0,1.1,0.3
2015-06-22,2.67,23.0,1.0,1.1,-5.41,-3.98,36.0,0.3,1.4,1.7,0.2
2015-06-23,-2.87,36.0,1.4,2.5,-13.86,-4.76,-15.0,0.1,0.3,0.5,-0.3
2015-06-24,5.8,13.0,0.3,0.4,-8.69,-12.26,-5.0,0.1,-0.3,0.5,-0.7
2015-06-25,0.09,-29.0,-0.3,-0.2,-4.16,-16.99,-8.0,0.1,0.8,1.1,0.0
2015-06-26,-1.07,22.0,0.8,0.9,53.67,83.24,40.0,-0.7,-0.5,-0.1,-1.0
2015-06-29,9.76,-10.0,-0.5,-0.9,-0.34,-9.42,-26.0,-1.4,-0.7,-0.6,-2.3
2015-06-30,-2.14,-33.0,-0.7,-0.7,9.96,1.81,0.0,-0.0,0.7,0.8,-0.3
2015-07-01,-6.39,16.0,0.7,0.4,7.43,1.64,10.0,-0.1,0.9,1.2,-0.2
2015-07-02,-1.81,28.0,0.9,1.4,4.26,8.41,-8.0,0.2,-0.2,0.3,-0.3
2015-07-03,4.8,-5.0,-0.2,0.1,-0.3,2.95,-11.0,0.0,0.6,0.7,-0.4
2015-07-06,-1.76,17.0,0.6,0.8,2.27,8.69,12.0,-0.8,0.6,0.7,-1.2
2015-07-07,1.81,21.0,0.6,0.7,2.23,0.56,14.0,-0.0,-0.2,0.3,-0.7
2015-07-08,9.09,-11.0,-0.2,-0.3,4.79,-2.96,-11.0,-0.8,-1.6,-0.6,-2.0
2015-07-09,-1.98,-38.0,-1.6,-1.5,-2.19,-6.32,11.0,0.1,-0.4,0.5,-0.5
2015-07-10,-2.11,-14.0,-0.4,0.3,-1.76,-3.91,3.0,0.4,0.5,0.7,-0.2
2015-07-13,-4.67,15.0,0.5,1.3,2.46,3.84,9.0,0.2,1.1,1.3,-0.3
2015-07-14,-1.61,43.0,1.1,0.9,7.35,3.72,-4.0,0.1,-0.2,0.3,-0.5
2015-07-15,-2.76,-6.0,-0.2,-0.7,1.08,-0.1,-12.0,-0.0,0.9,1.0,-0.0
2015-07-16,-5.04,24.0,0.9,0.2,3.13,-0.81,7.0,0.2,1.0,1.1,-0.0
2015-07-17,0.14,28.0,1.0,1.9,3.88,9.01,1.0,0.2,-0.0,0.3,-0.2
2015-07-20,1.06,7.0,-0.0,-0.4,-0.43,-0.08,-4.0,0.0,0.0,0.3,-0.6
2015-07-21,0.92,1.0,0.0,-0.3,1.05,-6.78,11.0,-0.1,-1.0,0.3,-1.1
2015-07-22,0.22,-28.0,-1.0,-1.7,-3.3,0.9,-11.0,-0.5,1.2,1.4,-0.6
2015-07-23,2.58,33.0,1.2,1.6,3.5,3.02,-1.0,0.0,-0.5,0.2,-0.8
2015-07-24,-0.4,-18.0,-0.5,-0.8,-3.51,0.08,-1.0,-0.1,-0.8,-0.1,-0.9
2015-07-27,5.9,-10.0,-0.8,-1.2,-3.44,1.07,-1.0,-0.3,-1.9,-0.3,-2.0
2015-07-28,-2.78,-33.0,-1.9,-2.3,-10.05,-9.16,-1.0,0.0,-0.3,0.5,-0.5
2015-07-29,-0.24,-1.0,-0.3,0.3,-17.23,-10.82,3.0,0.4,0.3,0.4,-0.2
2015-07-30,-3.48,12.0,0.3,0.1,-22.72,-22.41,-14.0,0.9,1.0,1.5,0.6
2015-07-31,-4.93,24.0,1.0,1.1,31.6,57.32,44.0,0.3,1.3,1.4,0.2
2015-08-03,5.63,18.0,1.3,1.6,3.94,5.09,-4.0,-0.1,-0.1,0.2,-0.2
2015-08-04,-3.64,-3.0,-0.1,0.7,-2.35,-1.82,-21.0,0.1,-0.2,0.2,-1.3
2015-08-05,-1.11,1.0,-0.2,0.5,-4.73,2.35,14.0,0.1,0.5,0.8,0.0
2015-08-06,0.44,19.0,0.5,-0.2,3.71,-0.84,-7.0,0.0,0.3,0.6,-0.3
2015-08-07,1.22,0.0,0.3,0.4,1.37,3.52,2.0,-0.2,-0.2,0.0,-0.5
2015-08-10,3.72,-8.0,-0.2,-0.6,-0.32,-6.4,3.0,-0.1,-0.6,0.6,-1.1
2015-08-11,2.76,-22.0,-0.6,-0.1,-1.47,5.81,-12.0,0.0,-0.6,0.2,-1.0
2015-08-12,9.77,-22.0,-0.6,-1.4,-0.22,9.25,12.0,-0.5,-1.5,-0.4,-1.6
2015-08-13,-2.45,-30.0,-1.5,-3.0,-3.16,7.23,-15.0,0.5,0.2,1.0,-0.1
2015-08-14,-5.86,13.0,0.2,0.6,-2.05,-7.02,11.0,0.8,1.9,2.1,0.3
2015-08-17,2.76,36.0,1.9,3.0,-4.05,-4.45,-2.0,-0.2,-0.6,-0.0,-1.5
2015-08-18,-0.62,-26.0,-0.6,0.3,-3.72,-2.27,-15.0,0.2,-0.1,0.5,-0.6
2015-08-19,1.96,-3.0,-0.1,-0.2,-1.67,-4.81,5.0,-0.3,0.3,0.6,-0.6
2015-08-20,1.77,0.0,0.3,-0.4,1.13,-2.4,-6.0,-0.4,-1.5,0.0,-1.7
2015-08-21,0.82,-37.0,-1.5,-2.2,1.69,13.8,-3.0,-1.2,-0.9,-0.7,-1.9
2015-08-24,64.36,-24.0,-0.9,-1.3,0.54,2.54,-1.0,-3.6,-6.0,-2.8,-6.4
2015-08-25,-4.56,-48.0,-6.0,-7.3,9.88,-9.87,-11.0,1.1,1.2,1.5,-1.8
2015-08-26,-4.96,22.0,1.2,2.6,-17.04,-13.22,23.0,-0.5,-1.2,0.5,-1.4
2015-08-27,-13.61,-9.0,-1.2,-1.5,-14.44,-13.9,-9.0,1.6,2.4,2.5,1.2
2015-08-28,5.84,42.0,2.4,2.4,25.97,64.92,42.0,1.4,0.4,1.7,-0.1
2015-08-31,5.42,10.0,0.4,-0.4,4.47,2.71,-27.0,-0.4,-0.3,0.6,-0.8
2015-09-01,16.76,-15.0,-0.3,-0.4,0.57,-1.19,10.0,-0.9,-2.5,-0.7,-3.1
2015-09-02,-7.2,-42.0,-2.5,-3.7,0.05,14.21,-19.0,0.8,-0.7,1.0,-1.0
2015-09-03,-9.51,-20.0,-0.7,-1.7,2.98,19.7,16.0,0.7,1.3,1.6,0.2
2015-09-04,9.57,39.0,1.3,1.7,-0.41,-10.07,-8.0,-0.5,-2.3,-0.5,-2.7
2015-09-07,-0.27,-36.0,-2.3,-2.5,2.23,1.17,-13.0,0.2,-1.2,0.8,-1.4
2015-09-08,-6.76,-31.0,-1.2,-2.0,1.63,7.16,9.0,0.2,1.9,2.4,-0.2
2015-09-09,-1.09,28.0,1.9,3.7,0.73,-7.65,20.0,1.5,1.4,1.9,0.8
2015-09-10,1.83,36.0,1.4,1.4,-6.28,1.1,-31.0,-1.2,-0.2,0.1,-1.7
2015-09-11,0.93,-15.0,-0.2,-0.0,2.13,5.09,16.0,0.4,-0.2,0.9,-0.6
2015-09-14,-2.62,-5.0,-0.2,-0.0,-0.24,-4.22,-26.0,0.1,1.1,1.3,-0.3
2015-09-15,-2.37,44.0,1.1,1.8,-1.53,5.56,4.0,-0.1,-0.6,0.2,-0.9
2015-09-16,-7.35,-23.0,-0.6,-1.0,-0.37,-2.24,-5.0,0.9,0.9,1.2,0.3
2015-09-18,-16.84,27.0,0.9,1.2,-3.09,-6.16,-3.0,0.9,1.1,2.1,0.7
2015-09-21,-0.63,13.0,1.1,2.6,1.38,1.17,5.0,-0.9,-0.0,0.1,-1.0
2015-09-22,11.92,-11.0,-0.0,0.7,-12.52,-0.4,3.0,0.4,-2.3,0.4,-2.6
2015-09-23,1.68,-43.0,-2.3,-3.1,-7.06,-16.14,-23.0,-1.0,0.7,1.2,-1.1
2015-09-24,0.94,16.0,0.7,1.6,-13.61,-14.38,31.0,0.3,0.5,1.0,-0.3
2015-09-28,3.76,10.0,0.5,0.1,26.56,36.01,23.0,-0.1,-0.9,0.4,-1.0
2015-09-29,-0.45,-22.0,-0.9,-0.6,1.26,-0.21,3.0,-1.3,0.6,1.8,-1.5
2015-09-30,-9.02,5.0,0.6,1.2,1.21,16.23,4.0,0.7,1.3,1.4,0.2
2015-10-01,-1.99,26.0,1.3,-0.4,-0.91,2.25,-2.0,0.7,-0.0,0.7,-0.4
2015-10-05,-0.56,7.0,-0.0,-0.5,2.36,-1.64,-7.0,0.7,2.0,2.1,0.7
2015-10-06,0.93,36.0,2.0,2.8,6.52,-3.86,-16.0,0.7,0.3,0.7,-0.3
2015-10-07,0.17,4.0,0.3,-0.3,-0.09,-5.39,-8.0,0.0,0.4,0.5,-0.2
2015-10-08,1.16,9.0,0.4,0.1,4.38,1.55,12.0,0.1,-0.5,0.1,-0.8
2015-10-09,-3.26,-18.0,-0.5,-0.8,-0.02,-4.72,13.0,0.6,0.6,1.1,-0.1
2015-10-12,1.04,2.0,0.6,0.5,0.22,-3.75,-15.0,0.3,-0.7,0.5,-0.8
2015-10-13,-5.79,-8.0,-0.7,-0.1,2.8,3.03,-12.0,-0.0,-0.1,0.2,-0.7
2015-10-14,-1.64,0.0,-0.1,-0.1,-3.47,-1.13,2.0,-0.4,-0.2,0.1,-0.4
2015-10-15,-3.1,0.0,-0.2,-0.1,-6.19,0.4,8.0,0.5,0.8,1.1,0.2
2015-10-16,-5.21,24.0,0.8,0.8,1.71,5.61,-8.0,0.1,0.9,1.0,-0.4
2015-10-19,3.7,28.0,0.9,1.4,1.01,2.65,17.0,0.0,0.1,0.3,-0.2
2015-10-20,0.7,-10.0,0.1,-0.6,-1.92,1.85,-31.0,0.0,-0.2,0.2,-0.5
2015-10-21,-2.19,-17.0,-0.2,-0.3,-1.73,-1.25,-4.0,0.0,0.1,0.5,-0.5
2015-10-23,-2.59,9.0,0.1,-0.6,-2.78,-5.72,22.0,0.7,0.5,0.9,0.3
2015-10-26,6.41,9.0,0.5,1.2,-2.72,-8.74,-3.0,1.2,-0.5,5.1,-0.6
2015-10-27,-4.03,-10.0,-0.5,-0.7,-8.87,-7.64,-6.0,-0.3,-0.2,-0.1,-0.5
2015-10-28,3.05,0.0,-0.2,0.1,-10.38,-14.2,10.0,-0.5,-0.9,-0.2,-1.3
2015-10-29,3.18,-6.0,-0.9,-2.4,-29.31,-19.72,-11.0,0.3,-0.4,0.4,-0.6
2015-10-30,1.69,-10.0,-0.4,-0.6,30.88,52.06,35.0,-0.0,-0.6,0.5,-0.9
2015-11-02,8.93,-10.0,-0.6,0.6,5.32,-6.39,-2.0,-0.3,-0.2,-0.1,-0.9
2015-11-03,0.4,7.0,-0.2,-0.1,0.97,1.09,-5.0,0.4,0.1,0.7,-0.3
2015-11-04,-1.02,5.0,0.1,-0.1,0.31,3.26,2.0,0.6,-0.2,0.7,-0.4
2015-11-05,-0.32,-13.0,-0.2,-0.5,-1.6,3.74,4.0,-0.2,-1.0,-0.2,-1.2
2015-11-06,0.93,-25.0,-1.0,-1.3,1.91,6.69,6.0,-0.1,-0.2,0.5,-0.5
2015-11-09,-12.49,-5.0,-0.2,0.6,-2.1,1.3,-14.0,-2.0,-0.5,-0.3,-2.3
2015-11-10,-1.26,-9.0,-0.5,-0.6,-3.96,0.78,-3.0,-0.5,-1.7,-0.4,-1.8
2015-11-11,0.48,-37.0,-1.7,-1.2,-1.09,2.11,-1.0,0.7,0.3,0.7,0.1
2015-11-13,4.42,27.0,0.3,0.5,-0.59,-1.42,-25.0,-0.8,-0.6,-0.4,-1.1
2015-11-16,1.27,-18.0,-0.6,0.0,-0.46,-0.45,16.0,-0.5,0.7,1.1,-0.6
2015-11-17,-5.06,11.0,0.7,1.5,-2.27,1.58,10.0,0.4,0.3,0.7,-0.3
2015-11-18,2.61,8.0,0.3,-0.2,-0.91,-0.15,-7.0,-0.2,-1.5,0.0,-1.6
2015-11-19,-9.04,-27.0,-1.5,-2.1,3.84,5.11,-19.0,0.8,1.6,1.8,0.5
2015-11-20,0.36,41.0,1.6,1.7,-5.49,-11.89,20.0,-0.1,-0.1,0.8,-0.5
2015-11-23,7.41,12.0,-0.1,-0.2,-5.35,-4.15,-26.0,0.3,-0.0,0.4,-0.4
2015-11-24,-4.86,6.0,-0.0,0.0,-12.76,-17.37,9.0,-0.3,-0.2,0.3,-0.6
2015-11-26,2.72,-16.0,-0.2,-0.3,-14.31,-22.39,-2.0,0.4,1.2,1.4,0.4
2015-11-27,0.25,27.0,1.2,0.8,33.49,57.09,56.0,0.0,0.5,0.7,-0.2
2015-11-30,-1.79,12.0,0.5,1.6,-0.27,10.28,-20.0,-0.2,0.1,0.3,-0.2
2015-12-01,-4.84,-2.0,0.1,0.4,2.54,-2.69,20.0,0.1,0.1,0.3,-0.2
2015-12-02,-0.94,6.0,0.1,-0.1,1.58,4.53,-16.0,0.2,-0.3,0.2,-0.7
2015-12-03,3.66,-9.0,-0.3,-1.1,-0.84,-4.84,-1.0,-0.4,-0.9,-0.2,-1.1
2015-12-04,0.19,-34.0,-0.9,-0.6,0.16,4.39,-6.0,-0.7,-0.9,-0.4,-1.0
2015-12-07,-1.37,-37.0,-0.9,-1.1,0.94,8.42,16.0,0.5,-0.1,0.5,-0.4
2015-12-08,0.68,7.0,-0.1,0.3,-1.03,-1.33,6.0,-0.5,-1.0,-0.1,-1.2
2015-12-09,4.71,-36.0,-1.0,-1.0,-0.46,0.5,-21.0,-0.3,-1.1,-0.0,-1.3
2015-12-10,-2.59,-38.0,-1.1,-0.8,1.52,9.69,7.0,0.3,0.9,1.0,-0.1
2015-12-11,5.46,32.0,0.9,0.3,-3.54,7.58,-6.0,0.0,-1.1,0.1,-1.6
2015-12-14,3.58,-31.0,-1.1,-2.3,3.07,4.5,-13.0,-0.6,0.5,0.9,-0.6
2015-12-15,-2.56,19.0,0.5,-0.0,1.99,-2.04,0.0,-0.1,0.5,0.6,-0.4
2015-12-16,-3.55,19.0,0.5,0.1,2.19,-0.92,-12.0,0.4,0.6,1.0,0.3
2015-12-17,-15.02,24.0,0.6,1.1,-3.76,-7.17,-2.0,0.6,1.3,1.4,-0.2
2015-12-18,1.95,39.0,1.3,1.2,-2.31,-4.72,6.0,-0.4,-0.8,-0.1,-1.0
2015-12-21,-1.85,-31.0,-0.8,-0.8,-2.24,-2.85,21.0,-0.2,0.7,0.8,-0.3
2015-12-22,1.81,25.0,0.7,1.1,-0.48,-5.46,-27.0,-0.1,-0.7,0.2,-0.9
2015-12-23,-5.73,-24.0,-0.7,-0.6,-0.59,-5.98,-10.0,0.5,1.0,1.2,0.5
2015-12-24,0.68,34.0,1.0,0.8,-7.13,-3.81,-1.0,0.3,0.1,0.3,-0.5
2015-12-28,4.78,11.0,0.1,-0.1,-4.18,-4.06,16.0,-0.1,0.5,0.6,-0.1
2015-12-29,-1.16,8.0,0.5,0.6,-7.94,-4.67,-35.0,0.2,0.3,0.4,-0.1
2015-12-30,0.81,13.0,0.3,0.5,-15.95,-16.39,25.0,0.1,-0.4,0.1,-0.5
2016-01-01,2.81,21.0,0.6,0.4,-19.97,-16.79,3.0,0.5,1.0,1.2,0.3
2016-01-04,18.06,7.0,0.4,0.7,2.43,3.45,-47.0,-0.6,-2.2,-0.4,-2.4
2016-01-05,-0.79,-37.0,-2.2,-2.7,4.14,18.92,0.0,0.3,-0.1,0.4,-0.4
2016-01-06,-0.9,1.0,-0.1,-0.3,2.35,8.26,-1.0,-0.2,-0.7,0.3,-0.9
2016-01-07,14.54,-16.0,-0.7,-0.8,0.48,4.76,-11.0,-0.9,-2.2,-0.8,-2.3
2016-01-08,-6.13,-49.0,-2.2,-2.2,3.65,2.27,6.0,0.4,0.3,0.8,0.1
2016-01-11,5.01,19.0,0.3,0.3,0.17,-0.44,-13.0,-0.8,-0.3,0.2,-1.3
2016-01-12,0.12,-13.0,-0.3,-0.7,1.62,3.89,21.0,0.2,-0.7,0.2,-1.1
2016-01-13,-1.92,-23.0,-0.7,-1.6,-0.78,15.67,6.0,0.5,0.5,0.9,-1.4
2016-01-14,1.38,6.0,0.5,0.6,1.9,-5.51,-16.0,-1.3,-0.4,0.6,-1.6
2016-01-15,4.35,-25.0,-0.4,-1.8,0.71,2.73,-11.0,0.1,-1.3,0.3,-1.4
2016-01-18,4.17,-31.0,-1.3,-2.5,1.19,5.81,6.0,0.1,-1.0,0.3,-1.2
2016-01-19,-8.88,-22.0,-1.0,-1.0,-6.09,-0.86,18.0,0.3,0.9,1.4,0.1
2016-01-20,13.75,17.0,0.9,1.5,-2.04,-2.77,-25.0,-1.1,-1.8,-1.0,-2.7
2016-01-21,-0.73,-39.0,-1.8,-2.4,-0.07,2.22,-7.0,0.8,-0.2,1.3,-0.7
2016-01-22,-9.57,1.0,-0.2,1.3,-6.02,-3.93,22.0,0.8,1.9,2.0,0.6
2016-01-25,-2.95,39.0,1.9,2.6,-5.44,-11.02,-8.0,0.5,0.1,0.7,-0.3
2016-01-27,4.34,-7.0,0.1,0.1,-17.76,-12.98,-12.0,-0.0,-0.0,0.5,-0.3
2016-01-28,-6.07,-1.0,-0.0,0.0,-19.66,-32.97,-5.0,0.0,0.2,0.6,-0.0
2016-01-29,-3.69,-10.0,0.2,-0.5,26.38,60.09,38.0,-0.5,1.6,1.8,-0.6
2016-02-01,3.77,34.0,1.6,0.6,2.91,0.89,-26.0,0.3,-0.0,0.5,-0.2
2016-02-02,0.81,1.0,-0.0,-1.1,3.56,11.33,6.0,0.0,-1.2,0.4,-1.6
2016-02-03,3.06,-39.0,-1.2,-1.6,-3.64,8.9,14.0,-0.9,-1.2,-0.6,-1.3
2016-02-04,-2.04,-33.0,-1.2,-1.5,0.67,-1.11,3.0,0.5,0.5,1.3,-0.1
2016-02-05,-0.51,12.0,0.5,0.2,-2.85,1.1,-4.0,0.1,1.3,1.4,0.0
2016-02-08,11.83,35.0,1.3,2.0,-2.22,0.78,15.0,-0.3,-1.7,0.2,-2.0
2016-02-09,7.26,-29.0,-1.7,-1.0,4.39,-0.24,-32.0,-1.2,-0.9,-0.5,-1.3
2016-02-10,3.39,-25.0,-0.9,-1.0,-3.84,-2.21,29.0,-0.8,-1.1,-0.4,-1.8
2016-02-11,15.58,-18.0,-1.1,-1.9,0.56,9.35,6.0,-0.6,-3.5,-0.4,-3.8
2016-02-12,-4.98,-45.0,-3.5,-4.3,5.85,2.15,-18.0,0.5,-0.0,0.7,-1.7
2016-02-15,-9.31,-2.0,-0.0,-0.3,5.43,-5.47,-12.0,1.1,2.5,2.9,1.0
2016-02-16,2.97,40.0,2.5,3.2,-1.93,-12.48,-15.0,0.6,-1.5,0.7,-1.7
2016-02-17,-5.24,-37.0,-1.5,-2.0,3.73,0.0,10.0,0.1,0.9,1.1,-1.2
2016-02-18,-1.59,27.0,0.9,0.2,-0.4,-2.21,10.0,0.9,1.0,1.5,0.1
2016-02-19,-2.65,21.0,1.0,0.9,2.48,6.64,-19.0,-0.2,0.3,0.6,-0.6
2016-02-22,0.5,8.0,0.3,0.5,-4.98,-8.24,3.0,0.1,0.4,0.6,-0.0
2016-02-23,13.4,9.0,0.4,0.3,-9.45,-5.55,7.0,-0.0,-1.8,-0.0,-2.0
2016-02-24,-3.7,-39.0,-1.8,-2.7,-22.99,-0.95,-4.0,0.3,-1.3,0.3,-1.5
2016-02-25,-0.91,-24.0,-1.3,-1.6,-20.8,-17.47,-5.0,0.4,-0.3,0.6,-0.5
2016-02-26,-3.87,-10.0,-0.3,-1.1,31.69,27.92,44.0,0.9,0.8,1.2,0.1
2016-02-29,-7.81,19.0,0.8,1.6,-0.87,-8.15,-8.0,-0.0,-0.7,1.0,-3.1
2016-03-01,-7.37,-7.0,-0.7,1.0,-2.43,2.52,-5.0,0.6,3.1,3.3,0.5
2016-03-02,1.7,43.0,3.1,3.3,2.92,2.49,-22.0,1.4,1.8,1.9,1.0
2016-03-03,-5.0,26.0,1.8,4.5,7.36,-9.21,-19.0,0.5,1.2,1.4,0.0
2016-03-04,-0.87,31.0,1.2,0.3,6.9,-2.89,-25.0,0.3,0.1,0.4,-0.6
2016-03-08,3.26,6.0,0.1,1.2,4.22,-1.45,2.0,0.2,-0.1,0.5,-0.6
2016-03-09,-5.2,1.0,-0.1,-1.1,3.49,-2.1,-11.0,-0.3,1.1,1.2,-0.6
2016-03-10,2.23,21.0,1.1,1.2,-1.79,1.38,48.0,0.6,-0.7,0.6,-1.3
2016-03-11,-4.46,-23.0,-0.7,-0.7,-3.55,-3.04,-7.0,0.0,0.4,0.8,-0.5
2016-03-14,0.03,5.0,0.4,0.1,1.02,-1.99,6.0,0.5,0.5,1.1,0.2
2016-03-15,2.89,23.0,0.5,0.6,-1.13,1.28,8.0,-0.0,-0.8,0.1,-1.0
2016-03-16,-2.74,-19.0,-0.8,0.4,-0.74,-2.75,22.0,-0.0,0.6,0.7,-0.7
2016-03-17,-1.61,5.0,0.6,0.9,0.57,3.27,5.0,0.8,-0.2,1.0,-0.5
2016-03-18,-2.72,1.0,-0.2,-0.7,-1.05,-0.9,-38.0,0.3,1.2,1.4,0.2
2016-03-21,-0.31,31.0,1.2,1.5,3.59,15.49,1.0,0.2,1.4,1.6,0.1
2016-03-22,0.6,38.0,1.4,1.7,-3.38,9.01,11.0,-0.1,0.2,0.3,-0.7
2016-03-23,-0.52,4.0,0.2,0.2,-1.92,4.58,3.0,-0.4,0.1,0.3,-0.6
2016-03-28,6.97,-4.0,0.1,-0.2,3.03,-2.26,11.0,-0.3,-1.3,-0.1,-1.6
2016-03-29,0.87,-34.0,-1.3,-1.7,-13.74,-16.29,5.0,-0.1,-0.2,0.5,-0.5
2016-03-30,-4.71,-3.0,-0.2,0.3,-14.37,-23.42,-1.0,0.7,1.6,1.7,0.4
2016-03-31,-1.34,36.0,1.6,2.8,-9.9,-22.05,-23.0,0.4,0.6,1.0,0.2
2016-04-01,4.19,15.0,0.6,0.6,32.97,27.64,52.0,-0.4,-0.5,-0.2,-1.0
2016-04-04,1.0,-15.0,-0.5,0.0,-1.89,4.83,-13.0,0.4,0.5,0.8,-0.2
2016-04-05,2.18,15.0,0.5,0.0,1.4,-5.2,-5.0,-0.7,-2.1,-0.4,-2.3
2016-04-06,-2.72,-41.0,-2.1,-3.2,-4.94,8.16,-14.0,0.3,0.1,0.4,-0.3
2016-04-07,-2.36,21.0,0.1,-0.2,-3.93,-0.35,0.0,-0.1,-0.9,0.0,-1.0
2016-04-08,-2.97,-27.0,-0.9,-0.7,-8.23,-3.44,-2.0,-0.3,0.2,0.4,-0.3
2016-04-11,-2.56,8.0,0.2,0.4,-0.27,4.46,5.0,0.0,1.6,1.8,-0.6
2016-04-12,0.08,43.0,1.6,1.6,-2.01,-2.49,10.0,-0.1,0.4,0.5,-0.2
2016-04-13,0.06,24.0,0.4,0.3,-3.3,-5.29,-9.0,0.8,1.7,2.1,0.8
2016-04-18,5.69,39.0,1.7,2.5,9.05,4.69,-9.0,0.5,0.7,0.8,-0.2
2016-04-20,0.75,18.0,0.7,-0.6,-2.19,-2.81,-15.0,0.3,0.1,0.5,-0.4
2016-04-21,-3.29,9.0,0.1,0.9,3.26,8.8,12.0,0.5,-0.2,0.7,-0.6
2016-04-22,-0.8,-11.0,-0.2,1.6,-2.48,4.69,-17.0,-0.2,-0.0,0.4,-0.4
2016-04-25,1.18,8.0,-0.0,0.5,-1.79,-0.16,13.0,-0.1,-0.6,-0.0,-1.0
2016-04-26,0.05,-13.0,-0.6,-0.2,-10.71,-5.32,-2.0,-0.4,1.5,1.6,-0.4
2016-04-27,-1.37,36.0,1.5,2.0,-15.86,-16.21,8.0,-0.3,0.1,0.2,-0.4
2016-04-28,1.5,9.0,0.1,-0.8,-17.61,-22.22,-8.0,0.4,-1.2,0.6,-1.3
2016-04-29,-0.36,-32.0,-1.2,-0.7,27.01,61.34,48.0,-0.1,-0.0,0.7,-0.8
2016-05-02,3.36,10.0,-0.0,0.6,2.61,7.38,-4.0,-0.5,-0.7,-0.3,-1.1
2016-05-03,2.16,-14.0,-0.7,-1.6,-4.11,0.22,-13.0,0.1,-0.7,1.4,-0.9
2016-05-04,-0.1,-25.0,-0.7,-0.9,-0.09,6.26,4.0,-0.4,-0.7,0.1,-0.8
2016-05-05,-1.58,-21.0,-0.7,-0.6,-3.05,-7.61,-14.0,0.1,0.5,1.1,0.0
2016-05-06,-1.3,5.0,0.5,0.1,-4.89,-4.84,15.0,-0.5,-0.2,-0.0,-0.9
2016-05-09,-1.98,-8.0,-0.2,-0.0,-3.53,0.97,-14.0,0.4,1.9,2.0,0.2
2016-05-10,-1.19,31.0,1.9,2.4,3.46,-0.11,14.0,-0.1,0.2,0.4,-0.5
2016-05-11,3.34,1.0,0.2,0.5,1.45,0.1,-8.0,-1.4,-0.7,-0.1,-1.5
2016-05-12,-3.74,-17.0,-0.7,-0.4,-9.54,-1.31,-19.0,0.3,0.8,0.9,-0.1
2016-05-13,4.1,26.0,0.8,1.2,1.94,7.16,13.0,-0.5,-1.2,-0.5,-1.8
2016-05-16,0.21,-30.0,-1.2,-1.5,-4.44,-3.48,-15.0,0.1,0.7,0.9,-0.6
2016-05-17,-3.87,17.0,0.7,0.3,-0.54,-2.7,14.0,0.4,0.3,0.9,0.1
2016-05-18,0.5,3.0,0.3,0.1,2.5,2.68,-13.0,-0.6,-0.4,0.2,-1.2
2016-05-19,3.69,-17.0,-0.4,-0.3,-3.09,1.67,-9.0,-0.2,-1.2,-0.1,-1.3
2016-05-20,-3.74,-25.0,-1.2,-1.2,2.53,-0.65,-10.0,0.1,-0.3,0.6,-0.4
2016-05-23,-1.61,0.0,-0.3,-0.3,-5.29,-4.37,16.0,0.2,-0.2,0.7,-0.3
2016-05-24,0.37,-20.0,-0.2,-0.5,-6.44,-5.05,0.0,-0.1,0.2,0.3,-0.3
2016-05-25,-4.32,-2.0,0.2,0.4,-6.52,-10.6,-5.0,0.6,2.4,2.5,0.6
2016-05-26,-1.26,43.0,2.4,3.2,-15.81,-20.27,-3.0,0.5,1.6,1.8,0.3
2016-05-27,-0.42,39.0,1.6,1.6,30.9,63.43,-10.0,0.3,1.3,1.4,0.2
2016-05-30,4.69,25.0,1.3,1.1,7.45,5.97,19.0,0.5,0.3,0.6,-0.0
2016-05-31,0.44,0.0,0.3,0.1,3.62,-2.05,0.0,0.4,-0.0,0.4,-0.5
2016-06-01,-1.31,-5.0,-0.0,0.6,-0.3,0.06,19.0,0.1,0.0,0.4,-0.2
2016-06-02,-4.72,-1.0,0.0,-1.1,-0.6,-2.93,-20.0,-0.1,0.6,0.7,-0.4
2016-06-03,-0.61,31.0,0.6,0.9,0.09,6.55,12.0,0.2,-0.1,0.4,-0.2
2016-06-06,2.4,-8.0,-0.1,0.5,-1.52,-2.25,-8.0,0.1,-0.1,0.2,-0.4
2016-06-07,-3.16,-6.0,-0.1,0.1,-0.95,-3.56,13.0,0.4,0.6,1.1,0.0
2016-06-08,1.83,21.0,0.6,1.3,3.16,9.4,-15.0,0.1,0.0,0.2,-0.3
2016-06-09,3.5,1.0,0.0,0.0,-0.73,-0.27,-7.0,0.0,-0.7,0.1,-1.0
2016-06-10,1.9,-4.0,-0.7,-0.3,0.03,-0.95,18.0,-0.3,-0.5,0.8,-0.7
2016-06-13,3.84,-23.0,-0.5,-0.3,-0.1,-2.35,-6.0,-0.8,-0.7,-0.5,-1.3
2016-06-14,3.66,-8.0,-0.7,-1.3,-3.39,-9.02,0.0,-0.0,-0.1,0.1,-0.7
2016-06-15,-0.79,-9.0,-0.1,0.4,-7.92,-1.42,-11.0,-0.2,1.2,1.4,-0.2
2016-06-16,3.77,35.0,1.2,1.4,-2.82,4.65,4.0,-0.4,-0.8,-0.3,-1.7
2016-06-17,-1.96,-22.0,-0.8,-1.1,-8.15,-7.16,4.0,0.5,0.2,0.8,-0.1
2016-06-20,0.97,-5.0,0.2,0.1,0.01,-4.58,-17.0,-0.8,0.9,1.1,-0.8
2016-06-21,-1.47,23.0,0.9,0.2,2.44,22.78,11.0,-0.0,-0.3,0.0,-0.6
2016-06-22,5.36,-17.0,-0.3,-0.6,-3.34,-0.73,-10.0,0.0,-0.2,0.3,-0.9
2016-06-23,-0.91,-5.0,-0.2,-0.1,-7.89,1.23,-4.0,0.0,0.9,1.2,-0.2
2016-06-24,3.37,22.0,0.9,1.7,2.1,1.37,12.0,-1.9,-2.4,-1.9,-4.3
2016-06-27,-0.52,-32.0,-2.4,-2.8,-15.43,-3.32,-16.0,-0.5,0.2,0.5,-0.5
2016-06-28,-4.34,12.0,0.2,0.6,-9.81,-6.35,14.0,-0.2,0.4,0.7,-0.2
2016-06-29,-8.86,11.0,0.4,0.4,-11.25,-21.88,-2.0,0.3,0.8,1.0,0.2
2016-06-30,0.84,34.0,0.8,0.8,-23.79,-19.87,-9.0,0.9,1.4,1.6,0.8
2016-07-01,-3.39,45.0,1.4,1.7,60.29,59.28,39.0,-0.1,0.4,0.7,-0.1
2016-07-04,-1.02,8.0,0.4,0.3,1.79,-0.46,-8.0,0.4,0.4,0.7,0.2
2016-07-05,-1.38,16.0,0.4,0.5,1.73,5.86,-12.0,-0.1,-0.4,-0.1,-0.5
2016-07-07,-0.36,-20.0,-0.4,-0.4,-0.79,-3.4,2.0,-0.1,0.1,0.5,-0.3
2016-07-08,-1.47,-6.0,0.1,0.4,-1.38,0.16,2.0,-0.1,-0.3,-0.1,-0.8
2016-07-11,-1.56,-10.0,-0.3,-0.4,-2.15,0.96,-8.0,1.2,1.8,1.9,1.0
2016-07-12,-0.44,44.0,1.8,2.3,9.19,10.37,9.0,0.3,0.5,0.5,0.0
2016-07-13,3.67,15.0,0.5,1.2,6.58,6.82,-16.0,0.1,-0.1,0.2,-0.3
2016-07-14,1.86,-5.0,-0.1,-0.2,0.85,-0.17,-8.0,0.0,0.7,0.8,-0.1
2016-07-15,0.18,27.0,0.7,1.4,2.91,5.94,12.0,0.2,-0.3,0.3,-0.6
2016-07-18,2.24,12.0,-0.3,0.4,2.08,1.78,3.0,0.2,-0.4,0.6,-0.5
2016-07-19,-1.2,-14.0,-0.4,-0.1,-0.62,-0.61,-2.0,0.1,0.2,0.4,-0.4
2016-07-20,1.23,12.0,0.2,0.0,2.32,-2.31,0.0,0.1,0.5,0.6,0.0
2016-07-21,-1.74,14.0,0.5,0.4,2.71,-0.05,7.0,3.5,-0.8,3.5,-0.8
2016-07-22,-1.37,-17.0,-0.8,-1.6,-1.67,-9.03,-10.0,0.1,0.4,0.5,-0.2
2016-07-25,1.42,26.0,0.4,0.1,0.58,-8.39,4.0,-0.1,1.0,1.1,-0.3
2016-07-26,-0.62,33.0,1.0,1.5,-7.88,-7.89,-10.0,-0.4,-0.5,0.1,-0.7
2016-07-27,-1.23,-18.0,-0.5,-0.8,-4.71,-13.45,-2.0,0.1,0.3,0.9,-0.3
2016-07-28,-1.81,17.0,0.3,0.9,-13.51,-15.5,-4.0,0.4,1.0,1.1,0.4
2016-07-29,-1.52,12.0,1.0,0.7,23.2,42.93,42.0,0.1,-0.2,0.5,-0.4
2016-08-01,1.76,-5.0,-0.2,-0.6,1.48,1.14,15.0,0.2,-0.1,0.7,-0.7
2016-08-02,3.38,12.0,-0.1,-1.1,1.58,9.37,-3.0,-0.1,-0.2,0.6,-0.5
2016-08-03,3.47,-10.0,-0.2,-0.1,1.27,0.99,-10.0,-0.2,-0.9,-0.1,-1.1
2016-08-04,-6.76,-25.0,-0.9,-0.7,5.24,2.38,1.0,0.5,0.1,0.6,-0.4
2016-08-05,-5.2,2.0,0.1,0.1,-1.2,-9.73,7.0,0.4,1.3,1.4,0.4
2016-08-08,1.64,29.0,1.3,1.6,1.04,4.5,-22.0,0.5,0.4,0.6,0.2
2016-08-09,-0.34,18.0,0.4,0.0,2.95,-0.2,7.0,-0.0,-0.5,0.1,-0.9
2016-08-10,2.65,-20.0,-0.5,-0.0,-0.12,6.27,-8.0,0.2,-1.2,0.2,-1.3
2016-08-11,-4.76,-33.0,-1.2,-1.5,3.75,-3.08,-1.0,-0.0,0.2,0.4,-0.4
2016-08-12,-3.11,4.0,0.2,0.0,-0.22,-9.73,-3.0,0.0,0.8,1.0,0.0
2016-08-16,3.0,19.0,0.8,1.4,-3.43,6.56,-17.0,0.2,-0.2,0.3,-0.9
2016-08-17,4.21,-2.0,-0.2,0.3,0.83,4.38,13.0,-0.1,-0.3,0.3,-0.6
2016-08-18,-1.56,-5.0,-0.3,0.1,-1.03,7.46,-11.0,0.3,0.6,1.0,0.3
2016-08-19,-0.09,18.0,0.6,1.6,-2.99,8.46,5.0,0.1,-0.1,0.2,-0.4
2016-08-22,-2.08,-6.0,-0.1,0.3,-2.66,-1.02,-2.0,0.0,-0.5,0.2,-0.7
2016-08-23,-2.37,-21.0,-0.5,-0.4,-21.75,-12.79,-7.0,-0.1,0.1,0.3,-0.5
2016-08-24,-2.95,-3.0,0.1,0.2,-32.0,-5.43,6.0,-0.0,0.1,0.5,-0.3
2016-08-25,-1.5,-3.0,0.1,0.0,-24.75,-19.55,-6.0,0.9,-0.1,1.0,-0.2
2016-08-26,2.15,-13.0,-0.1,0.2,23.71,47.78,56.0,0.0,-0.2,0.2,-0.6
2016-08-29,-2.98,-3.0,-0.2,-0.5,3.48,3.43,0.0,-0.2,0.3,0.5,-0.5
2016-08-30,-1.1,6.0,0.3,-0.0,1.7,7.52,-12.0,0.3,1.7,1.8,0.2
2016-08-31,1.71,47.0,1.7,1.7,9.68,18.09,8.0,-0.0,0.5,0.8,-0.1
2016-09-01,0.74,6.0,0.5,1.1,8.45,8.11,0.0,-0.0,-0.3,0.2,-0.5
2016-09-02,-3.0,-5.0,-0.3,-0.1,1.82,2.82,-19.0,0.0,0.4,0.4,-0.2
2016-09-06,-1.47,20.0,0.4,0.7,-1.36,-0.08,-3.0,0.6,1.4,1.5,0.5
2016-09-07,3.1,33.0,1.4,2.6,2.2,1.85,-15.0,0.2,-0.1,0.3,-0.2
2016-09-08,-0.23,-12.0,-0.1,0.1,0.32,-1.79,18.0,0.0,0.3,0.5,-0.2
2016-09-09,0.88,15.0,0.3,0.0,1.01,-0.35,-4.0,-0.2,-0.9,-0.2,-1.0
2016-09-12,15.19,-26.0,-0.9,-0.8,-2.66,-5.58,8.0,-1.1,-1.8,-1.1,-2.0
2016-09-14,-3.13,-41.0,-1.8,-2.2,-1.88,-15.15,-11.0,-0.1,0.3,0.4,-0.3
2016-09-15,-0.58,16.0,0.3,0.6,-0.56,-0.99,17.0,-0.1,0.1,0.2,-0.5
2016-09-16,-0.66,-9.0,0.1,-0.4,-1.77,-1.71,-13.0,0.4,0.4,1.2,-0.0
2016-09-19,2.47,10.0,0.4,0.0,0.25,-2.26,-3.0,0.0,0.3,0.5,-0.1
2016-09-20,-1.07,13.0,0.3,0.2,0.9,-1.08,-5.0,-0.3,-0.3,-0.1,-0.5
2016-09-21,0.17,-6.0,-0.3,-0.3,-0.38,-2.07,9.0,0.1,-0.0,0.6,-0.3
2016-09-22,-9.9,0.0,-0.0,-0.1,0.41,0.87,-2.0,0.8,0.9,1.3,0.6
2016-09-23,-0.69,30.0,0.9,1.3,-0.6,-1.27,-15.0,0.0,-0.5,0.1,-0.6
2016-09-26,9.95,-11.0,-0.5,-1.1,-2.76,5.11,-5.0,-0.3,-1.2,-0.2,-1.3
2016-09-27,-2.16,-33.0,-1.2,-1.5,-20.26,-13.2,0.0,0.3,-0.2,0.5,-0.4
2016-09-28,-2.82,-9.0,-0.2,-0.4,-17.59,-7.72,-2.0,-0.1,0.5,0.8,-0.1
2016-09-29,33.24,25.0,0.5,0.7,-16.14,-32.01,3.0,1.0,-1.4,1.0,-1.8
2016-09-30,-6.88,-42.0,-1.4,-1.8,33.92,70.29,40.0,-0.4,0.0,0.4,-0.5
2016-10-03,-9.08,9.0,0.0,0.4,-4.17,3.84,-21.0,0.5,1.6,1.7,0.2
2016-10-04,-4.02,45.0,1.6,1.5,-3.67,-2.08,13.0,0.1,0.2,0.5,-0.2
2016-10-05,-0.45,14.0,0.2,0.5,0.92,1.26,-12.0,0.2,-0.3,0.4,-0.6
2016-10-06,-0.6,-10.0,-0.3,-0.8,0.45,1.38,1.0,0.2,-0.5,0.5,-0.7
2016-10-07,-2.36,-20.0,-0.5,-0.7,-0.93,5.01,-11.0,0.1,-0.1,0.2,-0.5
2016-10-10,-1.38,-11.0,-0.1,0.0,-3.04,0.31,4.0,0.3,0.2,0.6,0.1
2016-10-13,7.98,5.0,0.2,-0.1,-0.82,3.49,7.0,-0.7,-1.8,-0.7,-2.2
2016-10-14,-3.48,-42.0,-1.8,-2.3,-6.77,12.21,-28.0,0.1,0.3,0.4,-0.2
2016-10-17,5.16,6.0,0.3,0.4,-2.81,-2.05,17.0,0.0,-0.9,0.1,-1.1
2016-10-18,-7.14,-33.0,-0.9,0.0,-2.53,-8.54,-21.0,0.4,1.8,1.9,0.4
2016-10-19,0.52,38.0,1.8,2.3,-1.79,-8.89,-2.0,0.1,-0.2,0.2,-0.5
2016-10-20,-3.06,6.0,-0.2,-0.4,-2.45,-3.25,5.0,0.3,0.5,0.7,0.1
2016-10-21,-2.36,7.0,0.5,1.1,3.59,0.14,0.0,-0.1,-0.1,0.1,-0.6
2016-10-24,3.63,7.0,-0.1,0.3,-2.1,-2.83,1.0,0.2,0.2,0.5,-0.1
2016-10-25,1.05,-9.0,0.2,0.5,-8.94,-1.11,5.0,-0.1,-0.2,-0.1,-0.7
2016-10-26,-0.21,-8.0,-0.2,0.1,-15.48,-6.68,-3.0,-0.4,-1.0,-0.4,-1.3
2016-10-27,-2.54,-24.0,-1.0,-1.8,-11.79,-29.66,-8.0,-0.2,0.4,0.5,-0.3
2016-10-28,4.03,-8.0,0.4,0.5,46.1,48.35,44.0,-0.3,0.1,0.3,-0.6
2016-10-30,5.72,11.0,0.1,0.2,-1.29,-1.55,-12.0,0.0,-0.4,0.2,-0.5
2016-11-01,1.58,-22.0,-0.4,-0.4,0.14,2.24,-30.0,0.1,0.3,0.9,0.0
2016-11-02,6.75,7.0,0.3,-0.1,-2.19,10.51,26.0,-1.0,-1.3,-0.8,-1.4
2016-11-03,-1.98,-35.0,-1.3,-1.2,-0.89,11.06,4.0,-0.3,-0.3,0.3,-0.4
2016-11-04,2.32,-20.0,-0.3,-0.2,-1.0,-0.81,5.0,-0.3,-0.7,0.1,-1.1
2016-11-07,-2.02,-13.0,-0.7,-0.7,1.2,1.94,-10.0,0.7,0.7,1.2,0.5
2016-11-08,1.59,20.0,0.7,1.4,-6.77,-7.92,-2.0,0.3,0.5,0.8,-0.1
2016-11-09,-0.89,15.0,0.5,0.9,-0.36,-6.04,0.0,-5.4,-1.2,-0.9,-5.7
2016-11-10,-6.99,-26.0,-1.2,0.1,4.1,11.95,9.0,0.6,1.1,1.8,0.6
2016-11-11,12.34,23.0,1.1,3.5,2.06,3.39,-4.0,-1.4,-2.6,-0.9,-2.8
2016-11-15,16.01,-46.0,-2.6,-2.2,2.9,0.44,6.0,-0.6,-2.3,-0.5,-2.4
2016-11-16,-3.19,-25.0,-2.3,-2.3,11.52,14.66,0.0,0.8,-0.3,1.0,-0.5
2016-11-17,-4.06,-3.0,-0.3,-1.1,-3.27,7.6,-29.0,-0.5,-0.4,0.6,-1.0
2016-11-18,-4.84,-9.0,-0.4,-0.0,-0.53,-0.21,1.0,0.1,-0.2,0.6,-0.4
2016-11-21,7.26,-3.0,-0.2,-0.8,-7.11,5.4,-9.0,0.3,-1.7,0.4,-1.9
2016-11-22,-3.31,-33.0,-1.7,-2.8,-4.6,0.67,12.0,0.7,0.9,1.0,0.0
2016-11-23,-2.3,30.0,0.9,0.5,-8.37,-4.84,-7.0,0.5,0.2,0.6,-0.4
2016-11-24,-4.88,14.0,0.2,-0.2,-16.44,-16.12,-17.0,0.0,-0.1,0.4,-0.4
2016-11-25,2.64,-3.0,-0.1,-0.7,63.44,118.48,71.0,0.3,1.4,1.6,-0.1
2016-11-28,2.51,31.0,1.4,1.0,-5.78,-4.57,-45.0,-0.5,0.3,0.5,-0.6
2016-11-29,-1.92,18.0,0.3,-1.1,4.28,-0.18,14.0,0.1,0.3,0.9,-0.0
2016-11-30,-4.84,3.0,0.3,-0.4,2.3,7.85,8.0,0.2,1.1,1.2,-0.1
2016-12-01,-0.96,38.0,1.1,2.2,3.37,-11.07,7.0,-0.0,-0.6,0.1,-0.7
2016-12-02,7.46,-15.0,-0.6,-1.2,3.22,2.77,-21.0,-0.6,-1.3,-0.3,-1.5
2016-12-05,-3.6,-34.0,-1.3,-0.8,-2.29,3.69,4.0,-0.2,0.7,0.8,-0.4
2016-12-06,-1.06,24.0,0.7,0.8,-1.35,0.77,17.0,0.1,0.1,0.7,-0.1
2016-12-07,-1.52,5.0,0.1,0.0,-0.14,-0.4,-12.0,0.2,-0.6,0.6,-0.9
2016-12-08,-7.84,-20.0,-0.6,-1.2,2.15,9.9,-6.0,0.6,1.6,1.8,0.6
2016-12-09,-2.95,43.0,1.6,1.6,6.52,-13.36,-15.0,0.2,0.3,0.5,0.0
2016-12-12,7.47,-7.0,0.3,0.9,1.7,9.59,7.0,-0.3,-1.1,-0.3,-1.4
2016-12-13,-1.67,-37.0,-1.1,-1.6,-3.78,0.62,-3.0,0.1,0.5,0.7,-0.1
2016-12-14,4.21,10.0,0.5,0.4,2.77,-2.76,-8.0,0.0,-0.4,0.0,-0.7
2016-12-15,-5.65,-25.0,-0.4,-0.6,-2.24,1.62,12.0,-0.8,-0.3,0.8,-0.9
2016-12-16,-2.57,-10.0,-0.3,0.3,-6.01,-1.77,5.0,0.2,-0.3,0.2,-0.5
2016-12-19,-2.72,-16.0,-0.3,-0.5,-4.55,2.25,-15.0,-0.2,-0.3,0.0,-0.4
2016-12-20,-2.02,-12.0,-0.3,-0.2,-2.05,4.67,15.0,0.0,-0.3,0.1,-0.6
2016-12-21,1.15,-14.0,-0.3,-1.0,-1.13,13.65,-2.0,0.3,-0.2,0.3,-0.3
2016-12-22,5.76,0.0,-0.2,-0.0,-0.91,-4.74,2.0,-0.3,-1.0,-0.2,-1.3
2016-12-23,-2.73,-41.0,-1.0,-1.0,-9.64,1.64,-2.0,-0.3,-0.0,0.5,-0.5
2016-12-26,9.75,1.0,-0.0,-0.2,5.49,-9.84,-10.0,-0.3,-1.0,-0.3,-1.2
2016-12-27,-9.16,-40.0,-1.0,-1.3,5.93,-2.1,-8.0,0.1,1.5,1.7,-0.1
2016-12-28,3.05,45.0,1.5,1.2,-7.85,-19.81,-6.0,0.2,0.0,0.9,-0.1
2016-12-29,-1.67,5.0,0.0,-0.1,-20.51,-19.16,-2.0,0.2,1.1,1.2,0.2
2016-12-30,1.19,38.0,1.1,1.2,26.66,64.65,21.0,0.2,0.9,1.1,0.2
2017-01-02,2.36,30.0,0.9,0.7,5.97,5.28,-15.0,0.3,0.1,0.4,-0.4
2017-01-03,0.81,13.0,0.1,-0.9,-0.44,11.49,13.0,0.1,0.1,0.4,-0.4
2017-01-04,-0.42,4.0,0.1,0.1,1.17,-9.17,-10.0,0.1,0.1,0.3,-0.1
2017-01-05,-5.29,2.0,0.1,-0.7,1.74,12.7,12.0,0.6,1.0,1.2,0.4
2017-01-06,-0.91,34.0,1.0,1.1,7.1,-10.29,0.0,0.2,-0.2,0.5,-0.4
2017-01-09,3.81,-10.0,-0.2,0.9,-0.25,-8.14,12.0,-0.0,-0.2,0.1,-0.3
2017-01-10,-1.84,-1.0,-0.2,0.1,-0.1,-0.38,-12.0,0.3,0.5,0.6,0.1
2017-01-11,-2.55,23.0,0.5,0.6,0.01,3.85,-11.0,0.5,1.1,1.3,0.4
2017-01-12,-1.32,34.0,1.1,2.2,3.45,10.46,2.0,0.2,0.4,0.4,-0.0
2017-01-13,-1.57,2.0,0.4,0.3,6.67,2.88,5.0,0.4,-0.0,0.5,-0.4
2017-01-16,4.75,-5.0,-0.0,0.2,-3.53,9.24,8.0,-0.2,0.2,0.3,-0.4
2017-01-17,2.17,20.0,0.2,1.0,1.12,7.21,1.0,0.0,-0.3,0.2,-0.5
2017-01-18,-1.36,-17.0,-0.3,-0.2,-2.25,-0.47,-9.0,0.2,0.2,0.7,-0.0
2017-01-19,-1.07,12.0,0.2,0.5,4.45,2.35,2.0,-0.1,0.2,0.3,-0.2
2017-01-20,5.13,2.0,0.2,-0.3,-1.76,-1.77,-6.0,-0.5,-1.0,-0.1,-1.1
2017-01-23,0.73,-32.0,-1.0,-1.5,-10.94,-11.45,7.0,-0.2,0.5,0.7,-0.3
2017-01-24,-3.9,18.0,0.5,0.1,-13.94,-23.86,-3.0,0.2,0.9,1.0,0.2
2017-01-25,-0.75,29.0,0.9,0.9,-30.35,-7.77,-7.0,-0.1,1.6,1.7,-0.1
2017-01-27,5.5,29.0,1.6,2.4,43.39,59.91,8.0,0.4,0.7,1.0,0.3
2017-01-30,4.15,10.0,0.7,1.5,6.72,11.67,21.0,-0.3,-0.2,0.1,-0.4
2017-01-31,0.93,-10.0,-0.2,-0.7,2.84,-3.51,-9.0,-0.2,-0.8,-0.2,-0.9
2017-02-01,-16.97,-25.0,-0.8,-0.3,-2.47,-5.56,1.0,0.2,1.8,1.9,-0.3
2017-02-02,-3.22,23.0,1.8,2.6,7.27,24.77,-2.0,-0.1,0.1,0.4,-0.5
2017-02-03,-2.9,-2.0,0.1,0.1,3.83,2.41,-14.0,0.0,0.1,0.2,-0.2
2017-02-06,2.06,-1.0,0.1,0.7,-0.8,10.4,4.0,0.6,0.7,0.9,0.3
2017-02-07,0.82,22.0,0.7,0.8,1.71,2.76,3.0,-0.2,-0.4,-0.1,-0.7
2017-02-08,-1.17,-17.0,-0.4,-0.2,-1.31,-0.26,2.0,0.0,0.1,0.3,-0.6
2017-02-09,-0.86,10.0,0.1,-0.1,0.93,2.53,11.0,0.2,0.0,0.5,-0.7
2017-02-10,-0.43,-2.0,0.0,-0.8,-0.03,-7.36,-10.0,0.4,0.1,0.5,-0.1
2017-02-13,3.91,7.0,0.1,0.4,-0.35,1.82,-3.0,0.3,0.1,0.4,-0.5
2017-02-14,0.8,9.0,0.1,0.1,2.92,3.25,-6.0,0.1,-0.0,0.2,-0.3
2017-02-15,2.97,-14.0,-0.0,0.1,4.63,-0.29,14.0,0.1,-0.8,0.1,-1.0
2017-02-16,-3.39,-19.0,-0.8,-0.5,7.45,-2.42,-5.0,0.2,0.5,0.6,-0.1
2017-02-17,-2.17,21.0,0.5,0.4,-1.88,-4.02,-10.0,0.9,0.4,1.0,0.1
2017-02-20,1.32,1.0,0.4,1.2,-1.49,-2.57,-5.0,0.0,0.5,0.6,-0.2
2017-02-21,-0.62,25.0,0.5,0.7,-10.55,2.84,-12.0,0.1,0.4,0.6,-0.2
2017-02-22,1.29,15.0,0.4,0.9,-24.99,1.22,9.0,0.1,0.1,0.5,-0.1
2017-02-23,-2.19,-22.0,0.1,0.1,-17.4,-11.01,-11.0,1.1,0.4,1.1,0.2
2017-02-27,2.05,2.0,0.4,0.1,42.13,50.08,27.0,-0.2,-0.5,0.0,-0.5
2017-02-28,0.86,-24.0,-0.5,-0.9,-2.13,-0.04,2.0,0.1,-0.1,0.3,-0.4
2017-03-01,-1.58,-1.0,-0.1,-0.0,-0.24,-2.47,13.0,0.2,0.7,1.0,0.1
2017-03-02,-1.57,18.0,0.7,0.8,5.37,0.55,0.0,0.3,-0.7,0.5,-0.9
2017-03-03,-0.07,-30.0,-0.7,-1.0,-1.5,-5.59,-14.0,-0.4,0.1,0.2,-0.5
2017-03-06,2.15,2.0,0.1,-0.2,-2.65,-4.39,8.0,0.1,0.6,0.7,0.1
2017-03-07,1.72,19.0,0.6,0.7,0.39,-0.1,-10.0,0.1,-0.1,0.1,-0.2
2017-03-08,1.44,-3.0,-0.1,-0.1,1.05,-2.16,12.0,-0.0,-0.2,0.1,-0.7
2017-03-09,2.24,-11.0,-0.2,0.2,1.45,1.07,1.0,-0.3,0.0,0.3,-0.4
2017-03-10,-3.01,-2.0,0.0,0.2,2.65,-5.39,0.0,0.2,0.0,0.5,-0.4
2017-03-14,-11.16,-6.0,0.0,0.0,2.62,-4.17,-4.0,2.1,1.6,2.2,1.3
2017-03-15,0.18,38.0,1.6,1.7,7.89,12.21,-9.0,0.1,0.1,0.3,-0.0
2017-03-16,-4.13,7.0,0.1,0.4,0.36,-2.17,9.0,0.5,0.7,0.8,0.5
2017-03-17,-0.48,38.0,0.7,0.4,3.02,-2.49,-2.0,0.4,-0.0,0.4,-0.1
2017-03-20,1.39,-11.0,-0.0,-0.4,-4.44,-2.74,-12.0,-0.1,-0.2,-0.1,-0.3
2017-03-21,-0.62,5.0,-0.2,-0.2,2.74,-0.91,16.0,0.1,-0.1,0.2,-0.4
2017-03-22,2.74,-6.0,-0.1,-0.4,1.14,-1.92,-5.0,-0.7,-1.0,-0.1,-1.1
2017-03-23,-3.55,-28.0,-1.0,-1.1,1.25,-5.22,-2.0,0.2,0.6,0.8,0.1
2017-03-24,1.2,34.0,0.6,0.5,0.13,-0.88,1.0,0.1,0.1,0.4,-0.1
2017-03-27,3.82,-5.0,0.1,0.9,-1.67,0.59,-12.0,-0.1,-0.6,-0.1,-0.9
2017-03-28,-2.55,-22.0,-0.6,-0.2,-17.07,-8.63,14.0,0.3,0.5,0.6,0.2
2017-03-29,-0.25,24.0,0.5,0.6,-8.16,-12.05,-15.0,0.3,0.4,0.5,0.1
2017-03-30,0.52,12.0,0.4,0.8,-16.91,-1.76,-11.0,0.4,0.5,0.6,0.3
2017-03-31,2.22,20.0,0.5,0.7,21.28,51.28,18.0,-0.0,0.1,0.2,-0.1
2017-04-03,-7.47,3.0,0.1,-0.3,-0.83,1.27,9.0,0.3,0.7,0.8,0.1
2017-04-05,0.5,4.0,0.7,0.4,-2.53,0.49,1.0,0.2,0.3,0.3,-0.2
2017-04-06,-2.25,4.0,0.3,0.5,-1.46,4.06,-4.0,-0.3,-0.2,-0.0,-0.6
2017-04-07,3.57,-6.0,-0.2,-0.2,-3.14,4.55,-12.0,-0.4,-0.7,-0.0,-0.8
2017-04-10,-0.62,-26.0,-0.7,-0.9,-1.49,-0.42,3.0,0.2,-0.0,0.4,-0.2
2017-04-11,-1.94,17.0,-0.0,0.5,-1.63,3.7,16.0,-0.2,0.6,0.7,-0.2
2017-04-12,2.04,16.0,0.6,0.9,1.61,2.66,0.0,-0.1,-0.4,-0.0,-1.0
2017-04-13,-0.43,-16.0,-0.4,-0.2,-0.44,-1.86,-9.0,-0.2,-0.4,-0.0,-0.5
2017-04-17,2.72,-11.0,-0.4,0.1,-2.51,3.47,13.0,-0.1,-0.2,0.0,-0.4
2017-04-18,4.06,-14.0,-0.2,-0.1,-0.55,-1.03,-2.0,0.0,-0.5,0.9,-0.6
2017-04-19,-1.29,-31.0,-0.5,-0.0,-1.45,1.34,-12.0,-0.0,0.1,0.3,-0.3
2017-04-20,-5.36,9.0,0.1,-0.3,-0.36,-1.04,15.0,-0.1,0.3,0.4,-0.2
2017-04-21,-1.19,18.0,0.3,-0.3,-1.96,-4.73,-6.0,0.5,-0.4,0.5,-0.8
2017-04-24,1.77,-26.0,-0.4,-0.1,-4.53,-1.04,-21.0,0.1,1.1,1.2,0.0
2017-04-25,-4.04,34.0,1.1,1.3,-10.91,3.82,-1.0,0.4,0.8,0.8,0.2
2017-04-26,5.24,29.0,0.8,0.8,0.95,-15.02,-21.0,0.2,0.5,0.7,0.0
2017-04-27,-5.71,1.0,0.5,1.0,-5.95,-28.94,4.0,0.2,0.2,0.4,0.0
2017-04-28,-1.9,3.0,0.2,0.4,27.99,46.89,26.0,-0.0,-0.2,0.0,-0.5
2017-05-02,5.41,5.0,-0.2,0.3,-2.46,4.67,16.0,0.0,0.1,0.4,-0.6
2017-05-03,0.7,-6.0,0.1,0.1,-0.01,-3.9,-5.0,0.0,0.0,0.3,-0.3
2017-05-04,-1.69,-5.0,0.0,-0.2,1.17,-5.22,3.0,0.2,0.4,0.5,-0.1
2017-05-05,5.78,0.0,0.4,1.7,0.85,13.33,-12.0,-0.2,-0.6,-0.2,-0.9
2017-05-08,-2.69,-27.0,-0.6,-0.3,-4.42,-3.71,16.0,0.2,0.3,0.5,0.1
2017-05-09,-4.74,8.0,0.3,0.6,1.21,4.41,-2.0,0.1,0.1,0.3,-0.1
2017-05-10,-1.48,12.0,0.1,-0.1,1.74,-1.49,4.0,0.1,0.7,0.8,0.1
2017-05-11,-1.0,19.0,0.7,0.4,6.68,5.04,-23.0,0.1,0.2,0.5,0.1
2017-05-12,-1.94,7.0,0.2,-0.1,2.28,-1.29,6.0,-0.1,-0.3,0.0,-0.5
2017-05-15,0.45,-10.0,-0.3,-0.8,-2.47,-3.74,-4.0,0.4,0.4,0.5,0.2
2017-05-16,-1.08,16.0,0.4,0.7,2.41,-0.56,-7.0,0.1,0.7,0.8,0.0
2017-05-17,0.71,15.0,0.7,0.5,2.98,1.28,2.0,-0.0,0.1,0.2,-0.3
2017-05-18,10.81,0.0,0.1,-0.0,2.31,-0.11,-2.0,-0.6,-1.0,-0.3,-1.1
2017-05-19,-4.09,-39.0,-1.0,-1.0,-9.88,-2.7,4.0,0.2,0.1,0.8,-0.4
2017-05-22,-0.88,-11.0,0.1,0.4,-4.67,-5.59,7.0,0.4,-0.0,0.5,-0.2
2017-05-23,8.93,-14.0,-0.0,-0.5,-6.76,-7.09,-13.0,0.2,-0.6,0.2,-0.8
2017-05-24,-3.05,-16.0,-0.6,-0.5,-14.08,-11.41,-1.0,0.1,-0.3,0.5,-0.5
2017-05-25,-11.69,-22.0,-0.3,-0.2,-23.82,-12.96,0.0,0.4,1.4,1.5,0.2
2017-05-26,3.97,39.0,1.4,2.2,37.11,96.57,-20.0,-0.1,0.8,1.0,-0.2
2017-05-29,8.52,26.0,0.8,1.0,-0.74,0.09,-5.0,-0.2,0.3,0.7,-0.3
2017-05-30,-0.19,3.0,0.3,-0.5,8.1,-1.5,21.0,-0.2,0.1,0.3,-0.2
2017-05-31,-0.02,18.0,0.1,0.5,1.48,1.96,-6.0,-0.0,0.1,0.2,-0.1
2017-06-01,-3.87,4.0,0.1,0.3,5.16,0.78,10.0,-0.0,0.0,0.2,-0.3
2017-06-02,-4.4,1.0,0.0,-0.1,1.48,-2.8,10.0,0.3,0.2,0.4,0.1
2017-06-05,1.9,3.0,0.2,0.2,-0.21,1.06,-16.0,0.0,0.3,0.5,0.0
2017-06-06,1.07,10.0,0.3,0.4,-0.13,0.77,12.0,0.1,-0.2,0.2,-0.3
2017-06-07,-2.18,-20.0,-0.2,0.0,-2.43,-7.5,19.0,0.1,0.1,0.3,-0.2
2017-06-08,1.63,20.0,0.1,0.5,2.07,-0.08,-13.0,0.1,-0.1,0.3,-0.2
2017-06-09,-1.85,-6.0,-0.1,-0.1,0.68,-3.98,6.0,-0.0,0.1,0.2,-0.5
2017-06-12,5.16,0.0,0.1,0.4,-0.85,-0.47,-8.0,-0.6,-0.6,-0.4,-0.8
2017-06-13,-0.72,-24.0,-0.6,-0.8,-0.87,-2.15,-11.0,0.2,-0.1,0.4,-0.1
2017-06-14,-1.41,-11.0,-0.1,-0.0,-0.16,-0.82,5.0,0.0,0.2,0.3,-0.2
2017-06-15,1.3,8.0,0.2,0.2,-1.56,-3.81,11.0,-0.2,-0.4,-0.1,-0.6
2017-06-16,-3.62,-30.0,-0.4,-0.4,0.76,-0.47,4.0,0.1,-0.0,0.3,-0.2
2017-06-19,-2.63,-3.0,-0.0,0.3,-1.75,-3.54,-14.0,0.3,0.8,1.0,0.3
2017-06-20,0.28,17.0,0.8,1.0,-0.45,-2.93,8.0,0.1,-0.0,0.1,-0.1
2017-06-21,2.42,-4.0,-0.0,-0.0,-0.21,-0.79,4.0,-0.3,-0.2,-0.1,-0.6
2017-06-22,2.68,-12.0,-0.2,0.0,-0.36,-3.6,0.0,0.3,-0.2,0.6,-0.4
2017-06-23,3.12,-13.0,-0.2,0.1,-2.99,-1.39,-19.0,0.1,-0.4,0.1,-0.6
2017-06-27,8.22,-20.0,-0.4,-0.8,-4.37,-3.7,13.0,0.3,-0.8,0.3,-1.1
2017-06-28,-4.14,-20.0,-0.8,-1.3,-31.88,-9.79,-14.0,-0.1,-0.2,0.1,-0.4
2017-06-29,-5.07,3.0,-0.2,0.0,-21.32,-28.89,3.0,0.3,0.2,1.0,0.2
2017-06-30,3.07,13.0,0.2,-0.0,31.93,54.9,11.0,-0.3,-0.0,0.1,-0.7
2017-07-03,-4.54,-5.0,-0.0,-0.1,0.65,6.19,-20.0,0.3,1.1,1.2,0.2
2017-07-04,0.67,32.0,1.1,0.5,0.99,-3.04,11.0,0.0,0.0,0.2,-0.3
2017-07-05,-1.09,-5.0,0.0,-0.2,2.05,3.04,4.0,0.1,0.2,0.3,-0.1
2017-07-06,-1.52,21.0,0.2,0.6,0.84,1.93,-3.0,0.1,0.3,0.6,-0.0
2017-07-07,-1.05,-1.0,0.3,0.3,-0.26,4.99,-9.0,-0.2,-0.1,0.1,-0.3
2017-07-10,0.41,-10.0,-0.1,-0.1,0.29,0.9,3.0,0.3,1.1,1.3,0.2
2017-07-11,-0.21,42.0,1.1,0.9,-1.28,3.16,4.0,0.3,0.1,0.5,0.0
2017-07-12,1.49,-2.0,0.1,-0.2,1.74,-3.11,-5.0,0.2,0.4,0.4,-0.0
2017-07-13,1.76,29.0,0.4,0.4,2.05,-0.12,5.0,0.5,0.7,0.7,0.4
2017-07-14,-0.67,18.0,0.7,0.7,4.06,-0.82,-10.0,0.2,0.1,0.2,-0.3
2017-07-17,2.55,1.0,0.1,0.4,-1.26,0.46,17.0,0.3,0.3,0.4,0.1
2017-07-18,0.28,29.0,0.3,0.2,-2.73,0.31,4.0,-0.6,-0.9,-0.3,-1.0
2017-07-19,-2.05,2.0,-0.9,0.1,-9.18,4.01,2.0,0.3,0.7,0.8,0.2
2017-07-20,0.53,32.0,0.7,0.6,-2.55,1.11,1.0,0.1,-0.3,0.1,-0.5
2017-07-21,-2.03,-28.0,-0.3,0.1,-1.32,0.22,-5.0,0.1,0.2,0.3,-0.6
2017-07-24,2.05,8.0,0.2,0.1,-1.06,-7.94,-20.0,0.1,0.5,0.6,0.0
2017-07-25,-3.54,-6.0,0.5,0.5,-7.29,-4.24,-6.0,0.3,0.2,0.4,-0.0
2017-07-26,2.36,3.0,0.2,0.6,-12.91,-5.93,20.0,0.0,0.5,0.6,-0.1
2017-07-27,0.43,12.0,0.5,0.7,-15.12,-7.33,-7.0,0.6,0.4,1.3,0.3
2017-07-28,-0.71,-1.0,0.4,1.2,43.14,52.9,41.0,-0.5,-0.2,-0.1,-0.7
2017-07-31,6.85,-5.0,-0.2,-0.2,17.85,-5.22,-15.0,-0.0,0.6,0.7,-0.0
2017-08-01,0.06,19.0,0.6,0.8,3.2,6.12,-2.0,0.1,0.4,0.5,0.0
2017-08-02,0.29,22.0,0.4,0.2,0.95,-1.37,-2.0,0.1,-0.4,0.1,-0.6
2017-08-03,-2.51,-29.0,-0.4,-0.2,4.19,3.04,-5.0,-0.2,-0.6,-0.1,-0.8
2017-08-04,-2.17,-4.0,-0.6,-1.3,3.28,-9.45,10.0,-0.1,0.7,0.8,-0.2
2017-08-07,4.43,36.0,0.7,0.6,-1.37,-4.96,13.0,-0.1,-0.2,0.1,-0.3
2017-08-08,7.36,-8.0,-0.2,0.2,1.13,2.08,-8.0,-0.1,-0.9,0.1,-1.3
2017-08-09,5.34,-29.0,-0.9,-1.2,5.87,10.07,-13.0,-0.2,-0.7,-0.1,-0.9
2017-08-10,2.6,-28.0,-0.7,-0.9,1.26,-5.34,-2.0,-0.3,-0.7,-0.1,-1.2
2017-08-11,10.09,-28.0,-0.7,-0.7,-3.16,-10.06,16.0,-0.8,-1.2,-0.6,-1.5
2017-08-14,-5.35,-25.0,-1.2,-0.9,3.45,-4.06,-4.0,0.4,0.8,1.0,0.4
2017-08-16,-1.01,23.0,0.8,0.5,-2.06,-2.07,-9.0,0.1,0.9,1.0,-0.4
2017-08-17,0.72,20.0,0.9,1.1,3.33,1.06,-14.0,0.2,0.0,0.4,-0.2
2017-08-18,1.6,-15.0,0.0,-0.9,5.93,-5.01,-3.0,-0.4,-0.6,-0.4,-1.2
2017-08-21,1.68,1.0,-0.6,-0.7,0.21,5.16,12.0,0.2,-0.9,0.3,-1.0
2017-08-22,-4.79,-33.0,-0.9,-0.5,2.12,8.1,-2.0,0.4,0.2,0.7,0.0
2017-08-23,-6.54,0.0,0.2,0.3,-1.85,-1.54,5.0,0.3,0.8,0.9,0.1
2017-08-24,-4.63,26.0,0.8,1.2,-3.28,-14.17,-10.0,0.1,0.1,0.3,-0.1
2017-08-28,0.54,-2.0,0.1,0.0,-0.8,-13.88,6.0,0.3,0.4,0.7,0.1
2017-08-29,7.14,16.0,0.4,0.2,-5.58,-9.23,-12.0,-0.4,-1.2,-0.4,-1.4
2017-08-30,-4.84,-44.0,-1.2,-1.1,-12.56,3.08,-1.0,0.5,0.9,1.2,0.5
2017-08-31,-7.26,33.0,0.9,0.8,-15.06,-13.03,-4.0,0.1,0.5,0.6,-0.0
2017-09-01,-2.32,24.0,0.5,0.2,64.44,48.38,20.0,0.1,0.7,0.8,0.0
2017-09-04,12.76,23.0,0.7,0.5,6.57,14.08,14.0,0.0,-0.8,0.0,-1.2
2017-09-05,-2.11,-32.0,-0.8,-0.8,3.23,0.33,-18.0,0.2,0.4,0.5,-0.1
2017-09-06,1.8,25.0,0.4,0.4,4.04,-0.3,4.0,-0.5,-0.4,-0.2,-0.6
2017-09-07,-0.86,-6.0,-0.4,-0.3,4.74,-4.74,0.0,0.2,0.2,0.5,0.1
2017-09-08,-0.35,21.0,0.2,0.2,0.71,5.85,6.0,0.2,-0.0,0.2,-0.3
2017-09-11,-4.65,-17.0,-0.0,0.1,1.44,0.15,-10.0,0.5,0.8,1.0,0.4
2017-09-12,-4.87,19.0,0.8,1.2,1.72,24.16,5.0,0.3,0.8,0.9,0.1
2017-09-13,-0.02,32.0,0.8,0.5,0.85,7.33,-5.0,-0.0,-0.2,0.4,-0.3
2017-09-14,-2.42,-18.0,-0.2,0.2,2.93,-5.1,-3.0,-0.0,0.2,0.5,-0.0
2017-09-15,1.81,-1.0,0.2,0.4,1.56,1.17,16.0,-0.3,-0.1,0.2,-0.5
2017-09-18,-2.01,-9.0,-0.1,-0.3,0.5,-0.58,-12.0,0.4,0.7,0.9,0.4
2017-09-19,0.2,32.0,0.7,0.8,-2.31,3.5,6.0,0.0,-0.1,0.0,-0.3
2017-09-20,1.46,-4.0,-0.1,0.0,0.22,-3.22,-1.0,0.0,-0.0,0.1,-0.1
2017-09-21,0.0,-12.0,-0.0,-0.1,1.85,-4.3,5.0,-0.2,-0.3,0.1,-0.9
2017-09-22,10.12,-22.0,-0.3,-0.7,-1.12,-1.97,-9.0,-0.5,-1.5,-0.4,-1.6
2017-09-25,4.14,-44.0,-1.5,-1.7,-0.88,-12.37,2.0,-0.2,-1.0,-0.1,-1.4
2017-09-26,-3.09,-29.0,-1.0,-0.9,-4.51,-8.65,-13.0,-0.2,-0.1,0.3,-0.5
2017-09-27,7.23,-7.0,-0.1,0.0,-9.78,0.73,-11.0,0.3,-1.3,0.3,-1.5
2017-09-28,-4.98,-38.0,-1.3,-1.6,-19.33,-17.96,9.0,0.3,0.5,0.8,-0.1
2017-09-29,-5.22,10.0,0.5,0.8,72.61,108.36,14.0,0.2,0.1,1.0,0.0
2017-10-03,-0.2,11.0,0.1,0.1,4.13,5.66,-6.0,1.0,0.7,1.0,0.4
2017-10-04,-5.3,31.0,0.7,0.2,3.58,1.75,-3.0,-0.0,0.6,0.9,-0.1
2017-10-05,-0.76,11.0,0.6,0.1,5.57,-0.62,7.0,0.0,-0.2,0.3,-0.3
2017-10-06,-5.06,-12.0,-0.2,-0.2,4.19,-2.19,4.0,0.2,1.0,1.1,0.2
2017-10-09,2.47,34.0,1.0,0.5,-0.04,-6.53,4.0,-0.1,0.1,0.3,-0.2
2017-10-10,-2.46,9.0,0.1,0.3,1.26,1.82,4.0,0.1,0.2,0.3,-0.0
2017-10-11,5.56,10.0,0.2,0.3,2.44,1.44,-9.0,0.2,-0.4,0.5,-0.7
2017-10-12,-5.86,-20.0,-0.4,-1.1,4.28,14.65,-11.0,0.3,1.2,1.2,0.0
2017-10-13,1.99,32.0,1.2,1.1,4.32,-9.59,7.0,0.2,0.8,1.1,0.1
2017-10-16,0.42,20.0,0.8,1.4,1.14,0.57,10.0,0.3,0.6,0.7,0.0
2017-10-17,2.65,18.0,0.6,0.0,0.35,-6.13,0.0,-0.1,-0.0,0.2,-0.3
2017-10-18,-0.6,-10.0,-0.0,-0.4,0.17,-1.95,-6.0,-0.2,-0.2,-0.0,-0.6
2017-10-19,7.41,-14.0,-0.2,-1.2,-1.23,-7.52,7.0,-0.3,-0.9,-0.3,-1.3
2017-10-23,-0.56,-47.0,-0.9,-1.6,-1.29,2.83,-26.0,0.3,0.4,0.8,-0.3
2017-10-24,-5.96,9.0,0.4,0.6,-6.62,-14.49,5.0,0.1,0.3,0.5,-0.0
2017-10-25,1.47,7.0,0.3,0.5,-14.01,-2.27,6.0,1.1,0.7,1.3,0.3
2017-10-26,-1.21,5.0,0.7,3.1,-16.72,-18.05,-16.0,0.2,0.7,0.8,0.1
2017-10-27,-1.23,20.0,0.7,0.4,70.17,42.32,21.0,0.1,-0.0,0.3,-0.1
2017-10-30,5.56,9.0,-0.0,-0.4,2.68,-0.68,17.0,0.2,0.3,0.5,0.1
2017-10-31,2.7,10.0,0.3,0.3,2.29,3.45,-9.0,-0.1,-0.2,0.0,-0.4
2017-11-01,-2.43,-10.0,-0.2,-0.0,1.11,-2.13,8.0,0.3,1.0,1.2,0.3
2017-11-02,-1.09,11.0,1.0,1.9,2.45,20.86,3.0,-0.2,-0.2,-0.0,-0.4
2017-11-03,-0.79,-9.0,-0.2,-0.2,4.38,-2.48,-5.0,0.1,0.3,0.4,-0.3
2017-11-06,9.34,-6.0,0.3,0.8,2.23,6.61,3.0,-0.3,0.0,0.4,-0.4
2017-11-07,1.65,-2.0,0.0,-0.2,0.64,6.58,3.0,0.1,-0.8,0.2,-1.0
2017-11-08,2.81,-26.0,-0.8,-0.9,-5.36,-1.45,22.0,0.0,-0.5,0.1,-0.7
2017-11-09,-2.52,-10.0,-0.5,-0.4,-0.26,1.09,-8.0,0.3,0.1,0.4,-0.5
2017-11-10,1.56,-1.0,0.1,0.5,0.25,0.32,1.0,-0.2,-0.3,0.2,-0.8
2017-11-13,4.23,-5.0,-0.3,0.3,4.11,3.8,-39.0,0.1,-0.6,0.2,-0.7
2017-11-14,0.85,-21.0,-0.6,-0.1,1.15,0.25,31.0,-0.1,-0.3,0.1,-0.4
2017-11-15,0.71,-9.0,-0.3,-0.2,-4.63,-2.09,3.0,-0.3,-0.8,-0.3,-1.1
2017-11-16,-5.63,-32.0,-0.8,-0.3,-2.45,-1.49,-10.0,0.2,1.0,1.1,0.1
2017-11-17,1.86,30.0,1.0,0.8,-3.8,-2.15,-1.0,0.9,0.6,1.2,0.4
2017-11-20,-2.04,16.0,0.6,1.2,-1.01,6.15,-10.0,-0.1,0.1,0.3,-0.3
2017-11-21,2.1,5.0,0.1,0.1,0.29,1.03,-4.0,0.3,0.3,0.7,0.2
2017-11-22,2.35,13.0,0.3,-0.1,-4.14,-0.26,3.0,0.3,0.1,0.3,-0.3
2017-11-23,-1.23,-7.0,0.1,-0.1,-1.95,-2.36,-9.0,0.1,0.1,0.3,-0.5
2017-11-24,-2.54,10.0,0.1,-0.1,-2.53,1.68,2.0,-0.0,0.4,0.6,-0.0
2017-11-24,-2.54,10.0,0.1,0.2,-6.08,2.87,2.0,-0.4,0.0,0.1,-0.4
2017-11-24,-2.54,10.0,0.4,-0.1,-6.08,35.63,2.0,0.0,0.3,0.5,-0.0
2017-11-24,-2.54,10.0,0.4,0.2,35.6,2.87,-5.0,-0.3,0.0,0.1,-0.4
2017-11-27,-3.57,7.0,0.3,0.3,35.6,35.63,-5.0,-0.6,-0.3,-0.2,-0.9
2017-11-27,-3.57,7.0,0.3,0.1,-11.38,-7.0,-36.0,-0.4,0.0,0.1,-0.6
2017-11-27,-3.57,7.0,-0.3,0.3,-11.38,47.92,-36.0,0.0,0.4,0.4,-0.2
2017-11-27,-3.57,7.0,-0.3,0.1,50.0,-7.0,27.0,-0.4,0.0,0.1,-0.6
2017-11-28,0.9,-15.0,0.4,0.3,50.0,47.92,27.0,-0.6,-0.8,-0.3,-0.9
2017-11-28,0.9,-15.0,0.4,-0.3,-9.03,51.04,-48.0,0.1,0.0,0.5,-0.2
2017-11-28,0.9,-15.0,-0.8,0.3,-9.03,-11.44,-48.0,0.5,0.4,0.8,0.2
2017-11-28,0.9,-15.0,-0.8,-0.3,22.55,51.04,68.0,0.1,0.0,0.4,-0.2
2017-11-29,-0.67,4.0,0.4,-0.3,22.55,-11.44,68.0,0.1,-0.2,0.3,-0.4
2017-11-29,-0.67,4.0,0.4,-0.2,17.86,-14.92,-10.0,0.3,0.0,0.5,-0.2
2017-11-29,-0.67,4.0,-0.2,-0.3,17.86,35.0,-10.0,-0.0,-0.4,0.1,-0.6
2017-11-29,-0.67,4.0,-0.2,-0.2,-12.26,-14.92,-29.0,0.4,0.0,0.5,-0.2
2017-11-30,3.75,9.0,-0.4,0.2,-12.26,35.0,-29.0,-0.0,-0.8,0.0,-0.9
2017-12-01,9.19,-35.0,-0.8,-1.6,48.81,82.49,52.0,0.1,-1.2,0.3,-1.4
2017-12-04,0.41,-45.0,-1.2,-0.7,2.55,8.4,-19.0,0.1,0.0,0.4,-0.3
2017-12-05,1.03,-2.0,0.0,-0.3,3.62,12.31,-1.0,-0.3,-0.1,0.2,-0.7
2017-12-06,0.53,-13.0,-0.1,0.2,5.95,3.34,-3.0,-0.3,-0.8,-0.2,-0.9
2017-12-07,-5.4,-33.0,-0.8,-1.2,4.97,16.21,-4.0,0.1,1.3,1.5,0.1
2017-12-08,-4.2,42.0,1.3,1.0,-0.56,1.54,12.0,0.2,0.9,0.9,0.1
2017-12-11,3.47,28.0,0.9,0.8,2.58,-12.1,-11.0,0.3,0.5,0.6,0.1
2017-12-12,7.88,12.0,0.5,0.2,1.44,1.6,-2.0,-0.1,-0.8,-0.1,-0.9
2017-12-13,4.47,-29.0,-0.8,-1.0,0.97,13.15,1.0,-0.2,-0.5,0.7,-0.7
2017-12-14,2.9,-22.0,-0.5,-0.6,0.39,0.04,-2.0,0.4,0.6,0.8,-0.5
2017-12-15,-8.94,28.0,0.6,0.7,-2.41,-9.05,1.0,0.9,0.8,1.2,0.7
2017-12-18,-12.22,23.0,0.8,1.2,-5.72,-16.73,2.0,-1.5,0.4,1.0,-2.9
2017-12-19,-7.07,16.0,0.4,0.4,-1.37,-13.1,-10.0,0.2,0.6,0.7,0.1
2017-12-20,-0.02,34.0,0.6,0.4,0.39,1.32,-8.0,0.0,-0.0,0.3,-0.2
2017-12-21,-0.82,-3.0,-0.0,-0.2,-1.26,-5.83,18.0,0.0,-0.1,0.1,-0.3
2017-12-22,-4.12,-9.0,-0.1,-0.2,-5.89,-4.0,-4.0,-0.0,0.4,0.5,-0.1
2017-12-26,4.01,16.0,0.4,0.2,-2.37,-0.5,-9.0,0.0,0.2,0.3,-0.1
2017-12-27,3.65,19.0,0.2,0.0,1.66,-3.14,-17.0,0.0,-0.2,0.4,-0.5
2017-12-28,-1.56,-29.0,-0.2,-0.7,-25.2,-19.69,14.0,0.3,0.2,0.7,0.0
2017-12-29,3.03,4.0,0.2,0.2,67.15,61.09,29.0,-0.2,0.4,0.5,-0.5
2018-01-01,5.39,13.0,0.4,0.1,4.68,-1.21,-13.0,-0.2,-0.6,-0.0,-0.7
2018-01-02,2.49,-26.0,-0.6,-0.5,-3.01,4.94,36.0,0.2,-0.3,0.2,-0.6
2018-01-03,-0.46,-17.0,-0.3,-0.2,0.69,2.94,-32.0,0.2,-0.0,0.7,-0.1
2018-01-04,-1.52,2.0,-0.0,-0.0,3.49,14.32,-4.0,0.3,0.5,0.6,-0.1
2018-01-05,-2.25,23.0,0.5,0.4,1.69,-1.04,-5.0,0.2,0.4,0.5,0.1
2018-01-08,4.75,18.0,0.4,0.5,5.71,8.06,-6.0,0.5,0.6,0.6,0.3
2018-01-09,0.82,21.0,0.6,0.3,4.12,17.95,-7.0,0.1,0.1,0.2,-0.2
2018-01-10,1.35,-7.0,0.1,-0.1,4.63,4.02,2.0,-0.0,-0.1,0.0,-0.5
2018-01-11,-0.16,-15.0,-0.1,-0.3,3.4,-8.36,-4.0,-0.1,0.2,0.4,-0.2
2018-01-12,-2.0,-3.0,0.2,0.2,0.18,-1.65,-2.0,0.3,0.3,0.4,-0.5
2018-01-15,4.17,-2.0,0.3,0.3,0.75,11.76,2.0,0.3,0.5,0.8,0.2
2018-01-16,-1.54,-18.0,0.5,1.2,3.55,18.36,-3.0,0.1,-0.3,0.1,-0.5
2018-01-17,-1.6,-19.0,-0.3,-0.2,0.79,-8.21,7.0,-0.0,0.8,0.9,-0.4
2018-01-18,0.72,24.0,0.8,1.2,2.51,4.83,-6.0,0.7,0.2,0.8,-0.2
2018-01-19,0.16,-15.0,0.2,0.8,0.01,-0.6,-9.0,0.1,0.8,1.0,-0.2
2018-01-22,10.08,38.0,0.8,1.5,-0.21,3.99,12.0,0.1,0.6,0.7,-0.2
2018-01-23,5.41,4.0,0.6,0.4,-9.29,-3.45,-4.0,0.2,1.1,1.2,0.2
2018-01-24,11.19,24.0,1.1,1.4,-10.56,-8.22,0.0,-0.1,-0.0,0.3,-0.4
2018-01-25,-2.95,2.0,-0.0,0.1,-13.02,-17.94,-5.0,-0.0,-0.2,0.4,-0.5
2018-01-29,2.17,-6.0,-0.2,-0.2,72.41,40.51,-3.0,0.7,0.7,1.1,0.2
2018-01-30,-8.23,8.0,0.7,0.5,2.15,0.02,13.0,-0.4,-0.6,-0.1,-0.8
2018-01-31,-2.95,-26.0,-0.6,-0.5,0.74,-5.15,13.0,-0.3,-0.2,0.1,-0.6
2018-02-01,-11.44,-16.0,-0.2,0.4,-4.33,-3.77,5.0,0.1,-0.2,0.8,-1.6
2018-02-02,8.1,1.0,-0.2,-0.8,-3.24,0.27,-12.0,-0.9,-2.5,-0.7,-2.7
2018-02-05,5.26,-45.0,-2.5,-2.7,-4.25,-7.21,-17.0,-1.2,-0.7,-0.3,-1.4
2018-02-06,24.68,-15.0,-0.7,-1.2,-4.14,2.27,21.0,-3.4,-1.6,-0.7,-3.6
2018-02-07,-2.75,-42.0,-1.6,-1.3,-0.98,-1.55,-3.0,0.8,-0.5,1.1,-0.7
2018-02-08,-8.7,-5.0,-0.5,-0.7,-0.14,8.08,-25.0,0.3,1.0,1.7,0.0
2018-02-09,8.2,32.0,1.0,1.1,-3.67,-2.89,7.0,-1.8,-1.0,-0.7,-1.9
2018-02-12,0.0,-22.0,-1.0,-1.7,7.31,-3.22,18.0,0.5,0.7,0.9,0.1
2018-02-14,0.0,24.0,0.7,0.8,5.47,0.12,-11.0,0.2,-0.5,0.4,-0.8
2018-02-15,-5.06,-12.0,-0.5,-1.4,-0.69,13.29,-8.0,0.4,0.5,1.3,0.1
2018-02-16,0.38,3.0,0.5,0.2,-1.77,-0.49,10.0,0.4,-0.9,0.6,-1.1
2018-02-19,1.77,-34.0,-0.9,-0.9,0.04,4.63,-4.0,0.2,-0.7,0.3,-1.6
2018-02-20,1.2,-31.0,-0.7,-0.5,-5.74,-9.22,-1.0,0.1,-0.3,0.5,-0.4
2018-02-21,-5.62,7.0,-0.3,-0.8,-6.42,-0.17,-16.0,0.6,0.5,0.6,-0.0
2018-02-22,0.0,11.0,0.5,0.3,-15.72,-20.87,12.0,-0.3,-0.0,0.3,-0.3
2018-02-23,-4.25,-3.0,-0.0,0.2,77.75,79.86,10.0,0.1,1.1,1.2,-0.0
2018-02-26,-3.57,36.0,1.1,1.6,5.19,4.74,7.0,0.3,0.9,1.0,0.3
2018-02-27,0.0,27.0,0.9,1.4,2.97,2.49,4.0,0.1,-0.3,0.4,-0.6
2018-02-28,0.0,-8.0,-0.3,-1.3,4.43,-5.13,-8.0,-0.7,-0.4,-0.1,-0.9
2018-03-01,0.0,-12.0,-0.4,-1.0,0.77,1.43,16.0,-0.2,-0.6,0.1,-0.8
2018-03-05,9.4,-28.0,-0.6,-0.9,5.21,-2.2,-27.0,-0.8,-0.9,-0.6,-1.3
2018-03-06,0.0,-34.0,-0.9,-0.3,3.12,0.14,9.0,0.4,-1.1,0.7,-1.4
2018-03-07,-3.35,-33.0,-1.1,-1.5,5.09,8.08,-8.0,-0.5,-0.8,0.1,-0.9
2018-03-08,-7.1,-13.0,-0.8,-1.2,-2.08,-1.94,18.0,0.5,0.7,1.0,-0.2
2018-03-09,-0.41,5.0,0.7,1.2,-3.11,-3.29,-17.0,0.3,-0.3,0.6,-0.5
2018-03-12,0.0,-8.0,-0.3,-0.8,-0.83,-0.56,-10.0,1.1,2.1,2.2,0.8
2018-03-13,-0.21,48.0,2.1,1.8,-1.09,4.29,21.0,-0.3,-0.1,0.5,-0.6
2018-03-14,-0.69,12.0,-0.1,0.3,-1.95,-4.85,-11.0,-0.3,-0.0,0.1,-0.8
2018-03-15,-0.23,-9.0,-0.0,0.5,0.32,6.09,14.0,-0.3,-0.5,0.0,-0.6
2018-03-16,6.21,-22.0,-0.5,-0.4,3.03,-4.77,-2.0,-0.3,-1.3,-0.3,-1.7
2018-03-19,3.94,-32.0,-1.3,-0.9,3.87,11.85,25.0,-0.0,-1.1,0.0,-1.3
2018-03-20,-1.34,-36.0,-1.1,-1.1,-3.16,4.55,-9.0,-0.3,0.2,0.6,-0.4
2018-03-21,-3.2,11.0,0.2,-0.5,0.35,-5.41,-9.0,0.5,0.4,1.2,0.0
2018-03-22,0.0,3.0,0.4,0.4,-0.78,-4.07,6.0,0.2,-0.5,0.6,-0.7
2018-03-23,1.95,-19.0,-0.5,-0.6,-0.33,6.99,-12.0,-1.3,-1.2,-0.8,-1.7
2018-03-26,0.0,-28.0,-1.2,-1.9,-2.86,-4.87,-7.0,-0.1,1.4,1.6,-0.3
2018-03-27,0.0,38.0,1.4,2.4,-24.36,-13.92,9.0,0.4,0.3,0.6,0.0
2018-03-28,1.33,18.0,0.3,0.5,-20.48,-37.21,-20.0,0.2,-0.3,0.2,-0.4
2018-04-02,-2.6,-12.0,-0.3,-0.2,38.56,36.62,43.0,0.5,1.1,1.2,0.1
2018-04-03,-1.06,29.0,1.1,0.4,-0.9,8.04,13.0,-0.5,0.2,0.3,-0.6
2018-04-04,0.0,4.0,0.2,0.7,2.13,1.26,-12.0,0.1,-1.3,0.2,-1.6
2018-04-05,0.0,-40.0,-1.3,-1.8,12.72,15.53,-21.0,1.1,2.0,2.1,1.0
2018-04-06,-0.34,46.0,2.0,2.7,-2.95,-12.3,8.0,-0.1,0.0,0.2,-0.4
2018-04-09,0.81,3.0,0.0,0.4,2.8,-2.36,-5.0,0.0,0.4,0.6,-0.0
2018-04-10,0.0,0.0,0.4,0.7,1.82,-1.74,-7.0,0.3,0.3,0.4,-0.0
2018-04-11,1.53,10.0,0.3,0.4,0.89,14.27,5.0,-0.0,0.0,0.2,-0.6
2018-04-12,-1.09,4.0,0.0,-0.4,4.87,-2.6,-11.0,-0.1,0.4,0.5,-0.3
2018-04-13,-2.88,2.0,0.4,0.3,4.5,4.8,-2.0,0.2,0.2,0.6,-0.1
2018-04-16,0.85,11.0,0.2,0.1,2.83,-4.61,3.0,-0.5,0.5,0.6,-0.6
2018-04-17,-1.53,25.0,0.5,0.4,0.91,3.84,5.0,0.2,0.1,0.2,-0.4
2018-04-18,0.48,-3.0,0.1,0.0,1.62,5.08,-12.0,0.3,-0.1,0.4,-0.3
2018-04-19,-2.57,-10.0,-0.1,-0.8,1.42,-4.81,10.0,0.4,0.4,0.4,0.1
2018-04-20,-5.89,13.0,0.4,0.1,0.17,0.59,0.0,-0.1,0.1,0.2,-0.4
2018-04-23,1.6,-18.0,0.1,-0.6,-0.48,0.57,8.0,-0.1,-0.0,0.4,-0.3
2018-04-24,-9.51,2.0,-0.0,-0.2,-6.53,0.13,-19.0,-0.0,0.3,0.5,-0.2
2018-04-25,4.2,3.0,0.3,0.3,-14.16,-14.69,2.0,-0.2,-0.5,-0.0,-0.8
2018-04-26,-2.88,-21.0,-0.5,-0.9,-21.31,-21.54,-4.0,0.1,0.6,0.7,0.1
2018-04-27,-0.17,21.0,0.6,1.0,73.21,75.65,15.0,0.3,0.9,1.0,0.1
2018-04-30,2.87,26.0,0.9,1.7,4.18,19.16,15.0,0.0,0.5,0.6,0.0
2018-05-02,3.86,21.0,0.5,0.7,1.85,-3.44,9.0,-0.0,-0.4,0.1,-0.7
2018-05-03,1.13,-22.0,-0.4,0.0,-0.3,1.44,-18.0,-0.2,-0.3,-0.0,-0.7
2018-05-04,2.04,-8.0,-0.3,0.3,-0.01,1.5,5.0,-0.3,-0.4,-0.2,-0.6
2018-05-07,3.85,-24.0,-0.4,-0.0,-0.45,-0.05,13.0,0.2,0.8,0.8,-0.1
2018-05-08,2.14,24.0,0.8,0.6,1.03,13.74,-15.0,0.1,-0.0,0.3,-0.6
2018-05-09,1.55,-11.0,-0.0,0.8,0.47,14.17,-7.0,-0.2,0.3,0.5,-0.2
2018-05-10,1.07,8.0,0.3,0.3,1.72,3.48,10.0,0.0,-0.4,0.2,-0.5
2018-05-11,-3.1,-24.0,-0.4,-0.2,-1.27,-7.21,-18.0,0.3,0.9,1.0,0.1
2018-05-14,1.91,27.0,0.9,1.3,4.19,6.09,5.0,-0.1,-0.0,0.3,-0.4
2018-05-15,-7.58,-5.0,-0.0,0.2,-2.09,-1.8,-6.0,0.0,0.0,1.2,-0.3
2018-05-16,2.05,-4.0,0.0,0.2,-2.11,2.39,9.0,-0.4,-0.5,-0.0,-0.9
2018-05-17,-0.2,-14.0,-0.5,-1.1,-1.82,-6.36,3.0,0.0,-0.6,0.2,-0.7
2018-05-18,5.54,-22.0,-0.6,-0.6,-0.32,1.37,-6.0,-0.0,-0.9,-0.0,-1.0
2018-05-21,1.84,-30.0,-0.9,-0.7,2.28,-5.64,-12.0,0.3,-0.6,0.3,-0.7
2018-05-22,-5.6,-23.0,-0.6,-0.3,-3.55,1.72,20.0,-0.1,0.1,0.3,-0.3
2018-05-23,4.08,16.0,0.1,0.1,-0.74,-2.44,-6.0,-0.3,-1.2,-0.1,-1.3
2018-05-24,-7.15,-23.0,-1.2,-0.8,0.19,7.25,-19.0,0.2,0.8,0.9,-0.2
2018-05-25,-3.8,19.0,0.8,1.2,-2.12,-1.02,-4.0,0.2,0.9,1.3,0.1
2018-05-28,3.24,36.0,0.9,1.3,-2.01,-8.89,5.0,0.3,0.7,0.9,0.3
2018-05-29,0.11,22.0,0.7,1.1,-5.78,-7.87,-6.0,-0.1,-0.6,0.2,-0.8
2018-05-30,2.6,-20.0,-0.6,-1.4,-9.09,-22.56,-8.0,-0.4,-0.1,0.3,-0.7
2018-05-31,-1.4,-14.0,-0.1,0.3,-14.63,-29.28,8.0,0.2,0.9,1.0,0.2
2018-06-01,2.63,23.0,0.9,1.8,64.84,82.15,-23.0,0.2,-0.2,0.4,-0.3
2018-06-04,2.3,-23.0,-0.2,-0.2,2.64,-4.52,21.0,0.5,-0.8,0.5,-0.9
2018-06-05,-4.09,-25.0,-0.8,-1.8,4.37,-3.81,-17.0,0.0,-0.0,0.3,-0.4
2018-06-06,-5.75,-4.0,-0.0,0.3,0.58,-4.9,31.0,0.1,0.8,1.0,-0.2
2018-06-07,1.81,34.0,0.8,0.5,0.84,1.64,-2.0,0.4,0.7,1.2,0.4
2018-06-08,-0.63,34.0,0.7,0.7,5.79,3.16,-4.0,-0.4,-0.2,-0.1,-0.7
2018-06-11,3.8,-9.0,-0.2,-0.5,2.42,-1.95,-15.0,0.2,0.4,0.8,0.1
2018-06-12,-3.41,19.0,0.4,0.1,3.92,1.38,17.0,0.1,0.5,0.6,-0.1
2018-06-13,-0.75,10.0,0.5,0.5,2.13,3.25,-3.0,0.2,0.1,0.3,-0.1
2018-06-14,-4.27,6.0,0.1,0.1,3.46,4.45,-7.0,-0.2,-0.3,-0.1,-0.7
2018-06-15,-0.21,-15.0,-0.3,-0.2,-2.79,-1.06,16.0,-0.1,0.0,0.2,-0.7
2018-06-18,2.57,-11.0,0.0,-0.6,3.24,-2.98,-8.0,-0.0,-0.2,0.0,-0.3
2018-06-19,4.36,-14.0,-0.2,-0.1,0.99,3.02,-6.0,-0.3,-0.6,-0.3,-0.8
2018-06-20,-5.79,-32.0,-0.6,-0.5,-0.56,-0.01,18.0,0.0,0.7,0.7,0.0
2018-06-21,2.26,19.0,0.7,1.3,-0.7,3.9,8.0,0.1,-0.5,0.1,-0.7
2018-06-22,-3.41,-31.0,-0.5,-0.5,0.32,-8.14,-21.0,-0.1,0.9,1.0,-0.2
2018-06-25,4.66,29.0,0.9,1.2,-2.87,6.35,15.0,-0.5,-0.7,-0.1,-0.8
2018-06-26,1.71,-23.0,-0.7,-0.7,-4.22,-11.33,-15.0,-0.2,0.1,0.5,-0.3
2018-06-27,5.57,15.0,0.1,-0.0,-10.9,-13.6,2.0,0.4,-0.9,0.4,-1.1
2018-06-28,3.24,-30.0,-0.9,-0.7,-18.31,-44.06,4.0,0.0,-1.0,0.0,-1.1
2018-06-29,-7.24,-20.0,-1.0,-0.7,60.38,39.72,-19.0,0.2,1.2,1.3,0.2
2018-07-02,3.34,32.0,1.2,0.4,5.29,-0.12,-1.0,0.0,-0.3,0.1,-0.9
2018-07-03,-2.77,-10.0,-0.3,-0.4,0.14,4.6,19.0,-0.1,0.6,0.7,-0.3
2018-07-04,-2.63,24.0,0.6,0.1,2.58,5.2,21.0,-0.1,0.4,0.5,-0.5
2018-07-05,-0.65,3.0,0.4,0.7,4.22,5.43,-21.0,-0.1,-0.2,0.2,-0.4
2018-07-06,-1.05,0.0,-0.2,0.2,0.58,-3.93,1.0,-0.2,0.2,0.6,-0.3
2018-07-09,-0.42,5.0,0.2,0.1,1.5,-1.93,3.0,0.3,0.8,0.8,0.2
2018-07-10,0.04,32.0,0.8,0.8,4.74,10.3,1.0,0.2,0.8,0.9,0.2
2018-07-11,3.07,22.0,0.8,0.6,4.14,9.94,-5.0,-0.1,-0.1,0.2,-0.3
2018-07-12,-2.11,-20.0,-0.1,-0.4,3.15,-6.94,-10.0,0.4,0.7,1.2,0.3
2018-07-13,-1.62,12.0,0.7,0.9,3.45,-0.12,3.0,0.3,0.0,0.4,-0.2
2018-07-16,5.24,-4.0,0.0,-0.2,0.16,-3.45,7.0,0.0,-0.7,0.0,-0.8
2018-07-17,-0.95,-24.0,-0.7,-0.8,-2.92,-6.0,6.0,0.0,0.7,0.8,-0.1
2018-07-18,6.69,26.0,0.7,1.3,2.35,3.51,7.0,0.3,-0.4,0.5,-0.6
2018-07-19,-0.66,-19.0,-0.4,-0.6,-2.09,-2.41,-16.0,0.2,-0.0,0.3,-0.3
2018-07-20,-0.42,1.0,-0.0,-0.3,-2.55,-1.21,17.0,-0.1,0.5,0.6,-0.2
2018-07-23,-3.92,7.0,0.5,0.3,0.86,-1.44,-2.0,-0.0,0.7,0.8,-0.1
2018-07-24,-4.13,21.0,0.7,0.5,-6.71,-11.74,0.0,0.1,0.4,0.5,-0.0
2018-07-25,-2.09,14.0,0.4,-0.2,-16.94,-17.3,-6.0,0.1,-0.1,0.3,-0.2
2018-07-26,-1.47,-9.0,-0.1,0.1,-24.02,-27.43,-3.0,0.2,0.6,0.7,0.2
2018-07-27,2.35,14.0,0.6,1.4,48.82,99.49,26.0,0.3,0.9,1.0,0.2
2018-07-30,2.23,18.0,0.9,0.7,9.48,10.63,-5.0,0.2,0.3,0.3,-0.2
2018-07-31,-0.83,1.0,0.3,0.8,4.38,7.19,-8.0,-0.1,0.3,0.4,-0.4
2018-08-01,0.4,12.0,0.3,-0.2,5.24,-10.55,-4.0,0.1,0.0,0.3,-0.3
2018-08-02,0.2,2.0,0.0,-0.5,3.38,-11.31,12.0,-0.3,-0.8,-0.3,-0.9
2018-08-03,-3.8,-15.0,-0.8,-0.8,-1.59,-2.32,8.0,0.2,1.0,1.1,0.2
2018-08-06,4.02,21.0,1.0,1.2,2.93,14.9,-2.0,0.2,0.2,0.5,-0.1
2018-08-07,0.12,-7.0,0.2,0.7,0.53,11.73,-7.0,0.2,0.0,0.3,-0.3
2018-08-08,-0.3,-5.0,0.0,-0.0,1.23,2.97,1.0,0.1,0.4,0.5,-0.2
2018-08-09,1.1,21.0,0.4,0.6,3.3,-2.12,-10.0,0.3,0.2,0.3,-0.0
2018-08-10,1.36,0.0,0.2,0.8,2.2,6.48,0.0,-0.2,-0.4,-0.0,-0.5
2018-08-13,4.28,-11.0,-0.4,-0.7,0.58,-5.39,-6.0,-0.6,-0.5,-0.1,-0.7
2018-08-14,-0.88,-10.0,-0.5,-1.1,-0.98,-7.34,13.0,0.1,0.7,0.9,0.1
2018-08-16,2.73,14.0,0.7,0.7,1.35,-0.65,3.0,-0.4,-0.5,-0.0,-0.8
2018-08-17,-3.55,-11.0,-0.5,-0.6,1.08,-5.38,-2.0,0.3,0.7,0.8,0.1
2018-08-20,-0.97,24.0,0.7,0.9,2.86,2.67,-8.0,0.3,0.8,0.8,0.2
2018-08-21,-1.0,17.0,0.8,0.6,1.52,0.47,9.0,0.0,0.1,0.1,-0.2
2018-08-23,-1.12,-4.0,0.1,-0.2,0.53,-3.8,-10.0,0.2,0.1,0.3,-0.3
2018-08-24,-2.74,-2.0,0.1,-0.6,0.32,-14.34,-3.0,-0.1,-0.2,0.1,-0.5
2018-08-27,-1.37,-4.0,-0.2,-0.7,-2.44,-0.88,2.0,0.4,1.2,1.2,0.4
2018-08-28,1.53,44.0,1.2,1.3,-7.99,-10.85,-2.0,0.3,0.4,0.5,0.1
2018-08-29,0.08,-1.0,0.4,0.2,-19.57,-16.21,1.0,-0.0,-0.4,0.1,-0.5
2018-08-30,-0.18,-9.0,-0.4,-0.2,-25.85,-12.15,1.0,0.4,0.2,0.4,-0.1
2018-08-31,1.49,4.0,0.2,-0.1,31.59,56.74,35.0,-0.2,0.0,0.5,-0.4
2018-09-03,6.31,17.0,0.0,-0.0,6.48,-2.85,-1.0,0.2,-0.8,0.3,-1.0
2018-09-04,2.91,-20.0,-0.8,-0.7,0.46,4.4,4.0,-0.1,-0.6,0.1,-0.8
2018-09-05,-0.96,-34.0,-0.6,-1.4,0.29,3.45,-5.0,-0.2,-0.5,0.1,-1.2
2018-09-06,0.53,-3.0,-0.5,-0.3,5.38,-6.95,-10.0,0.3,0.4,0.7,-0.4
2018-09-07,1.22,13.0,0.4,0.2,3.19,-8.0,-10.0,-0.1,0.6,0.7,-0.5
2018-09-10,9.45,18.0,0.6,0.1,2.31,-0.14,12.0,-0.3,-1.2,-0.3,-1.3
2018-09-11,0.84,-35.0,-1.2,-0.9,-0.63,11.68,10.0,0.1,-1.4,0.1,-1.5
2018-09-12,-7.05,-37.0,-1.4,-1.4,-1.16,9.02,-5.0,-0.0,0.7,0.8,-0.3
2018-09-14,-2.86,19.0,0.7,0.1,-2.3,0.45,-1.0,0.6,1.1,1.2,0.4
2018-09-17,4.71,42.0,1.1,1.0,-1.9,-17.08,-14.0,-0.5,-1.2,-0.5,-1.3
2018-09-18,-0.55,-26.0,-1.2,-1.2,-0.95,4.54,-2.0,-0.2,-0.9,0.3,-1.0
2018-09-19,-2.84,-27.0,-0.9,-1.3,-0.52,24.96,2.0,0.3,-0.3,0.6,-0.6
2018-09-21,10.92,2.0,-0.3,-0.7,-2.62,4.32,6.0,0.3,-0.9,1.0,-2.4
2018-09-24,12.18,-12.0,-0.9,-2.7,-8.67,6.69,-13.0,0.1,-1.5,0.2,-1.8
2018-09-25,-4.27,-34.0,-1.5,-2.5,-11.78,-8.12,7.0,-0.3,0.8,1.0,-0.8
2018-09-26,2.43,20.0,0.8,1.3,-16.22,-23.23,-11.0,0.4,-0.2,0.6,-0.8
2018-09-27,-0.97,-3.0,-0.2,0.1,-16.4,-20.47,-9.0,0.5,-0.3,0.7,-0.5
2018-09-28,0.43,-3.0,-0.3,-0.7,60.61,97.04,40.0,0.4,-0.7,0.6,-1.3
2018-10-01,-0.94,-20.0,-0.7,0.1,0.63,17.27,-26.0,-0.2,1.0,1.2,-0.9
2018-10-03,7.62,24.0,1.0,1.2,-3.0,17.81,27.0,-0.5,-1.5,-0.3,-1.6
2018-10-04,4.4,-30.0,-1.5,-1.4,4.84,2.02,-16.0,-1.3,-2.4,-0.9,-2.8
2018-10-05,4.32,-30.0,-2.4,-1.2,10.23,-13.47,-3.0,-0.7,-2.7,-0.4,-3.2
2018-10-08,2.1,-32.0,-2.7,-1.4,8.47,-7.96,0.0,-0.7,0.3,0.7,-1.3
2018-10-09,-1.95,6.0,0.3,0.8,0.64,-4.15,0.0,0.1,-0.6,0.4,-0.8
2018-10-10,-9.35,-5.0,-0.6,-0.6,-3.85,-7.21,-17.0,0.2,1.5,1.7,0.1
2018-10-11,14.74,36.0,1.5,3.0,1.04,29.15,-8.0,-2.5,-2.0,-0.9,-3.0
2018-10-12,-9.34,-36.0,-2.0,-1.9,-0.19,-20.09,12.0,0.8,2.3,2.5,0.7
2018-10-15,1.38,42.0,2.3,2.3,-2.28,3.98,-4.0,0.1,0.3,0.4,-0.8
2018-10-16,-8.01,1.0,0.3,-0.2,2.77,1.16,-8.0,0.1,0.7,0.8,-0.0
2018-10-17,3.5,15.0,0.7,1.0,4.21,-1.73,0.0,0.9,-1.4,1.0,-1.6
2018-10-19,10.05,-32.0,-1.4,-1.7,-1.49,-12.7,-14.0,-1.0,-1.3,-0.5,-1.9
2018-10-22,7.93,-20.0,-1.3,-0.4,-3.86,15.57,9.0,1.0,-0.7,1.0,-0.9
2018-10-23,-10.86,-22.0,-0.7,-0.2,-12.17,-10.92,-13.0,-0.7,-0.8,-0.2,-1.4
2018-10-24,-0.83,-19.0,-0.8,-0.2,-23.73,-4.08,14.0,1.1,0.8,1.3,-0.3
2018-10-25,0.44,17.0,0.8,0.5,-30.4,-28.37,3.0,-0.3,-0.5,-0.1,-1.0
2018-10-26,1.42,-15.0,-0.5,-0.6,28.15,67.84,45.0,-0.6,-1.2,0.0,-1.4
2018-10-29,3.08,-25.0,-1.2,-1.8,3.56,6.21,-25.0,0.4,2.3,2.5,0.0
2018-10-30,3.42,36.0,2.3,2.2,-0.27,-5.62,8.0,-0.2,-0.5,0.3,-0.9
2018-10-31,-3.44,-7.0,-0.5,-0.5,-1.1,-5.31,-2.0,0.0,1.7,1.9,-1.2
2018-11-01,-3.06,26.0,1.7,1.2,5.54,1.73,-19.0,0.4,0.1,0.5,-0.5
2018-11-02,-5.01,3.0,0.1,0.7,-0.18,-7.08,21.0,0.7,1.6,2.1,0.6
2018-11-05,6.87,29.0,1.6,1.5,2.57,12.31,-9.0,-0.3,-0.2,-0.1,-0.7
2018-11-06,-5.02,1.0,-0.2,0.2,0.69,0.49,3.0,0.2,0.0,0.7,-0.4
2018-11-07,-3.39,-1.0,0.0,-0.5,-0.63,-17.92,-2.0,0.6,0.6,0.9,0.4
2018-11-09,-0.63,44.0,0.6,0.3,0.79,1.22,-9.0,-0.1,0.1,0.3,-0.4
2018-11-12,9.02,9.0,0.1,0.3,-0.37,7.63,21.0,-0.2,-1.1,0.4,-1.3
2018-11-13,-3.47,-28.0,-1.1,-1.0,2.27,-13.94,-15.0,-0.3,1.1,1.2,-0.4
2018-11-14,0.7,36.0,1.1,0.9,-0.81,3.11,11.0,0.4,-0.1,0.6,-0.6
2018-11-15,-1.97,-5.0,-0.1,0.6,-1.26,5.65,-5.0,0.0,0.2,0.7,-0.2
2018-11-16,-0.57,10.0,0.2,0.8,-0.31,11.01,-14.0,0.3,0.5,0.7,0.1
2018-11-19,4.93,13.0,0.5,0.2,2.4,-2.44,-8.0,0.4,0.8,0.9,0.1
2018-11-20,0.38,26.0,0.8,0.2,2.17,2.01,-1.0,-0.2,-0.9,-0.2,-1.1
2018-11-21,1.18,-33.0,-0.9,-0.6,-2.97,-0.63,11.0,-0.0,-0.5,0.1,-0.9
2018-11-22,-2.02,-2.0,-0.5,0.7,-2.6,7.44,5.0,-0.0,-0.9,0.2,-1.0
2018-11-26,6.48,-38.0,-0.9,-1.2,-2.27,-28.15,-22.0,0.5,1.1,1.2,-0.3
2018-11-27,-10.23,20.0,1.1,1.4,-2.78,12.93,12.0,-0.3,0.4,0.5,-0.5
2018-11-28,-1.94,1.0,0.4,0.2,-17.99,-3.59,-11.0,0.1,0.3,0.6,0.1
2018-11-29,4.11,-17.0,0.3,-0.0,-27.65,-9.31,-9.0,1.0,1.6,1.8,0.9
2018-11-30,2.49,28.0,1.6,1.8,57.47,155.67,39.0,0.3,0.1,0.5,-0.3
2018-12-03,-4.91,-2.0,0.1,0.1,0.69,-9.78,-7.0,0.6,0.2,0.7,-0.3
2018-12-04,-0.63,10.0,0.2,0.2,2.0,-2.07,15.0,-0.1,-0.1,0.1,-0.5
2018-12-05,1.56,1.0,-0.1,-0.5,1.2,-6.38,-2.0,-0.5,-0.7,-0.4,-1.1
2018-12-06,4.98,-31.0,-0.7,-0.6,1.3,4.71,7.0,-0.7,-1.9,-0.7,-2.0
2018-12-07,-3.7,-46.0,-1.9,-1.3,5.26,-10.05,-18.0,0.4,1.0,1.1,0.1
2018-12-10,9.94,21.0,1.0,1.4,2.97,11.53,15.0,-1.4,-2.1,-1.3,-2.2
2018-12-11,-12.2,-40.0,-2.1,-1.7,-1.59,-19.61,-14.0,-1.5,0.6,0.9,-1.5
2018-12-12,-11.9,26.0,0.6,0.1,-2.1,6.06,5.0,0.3,1.9,2.1,0.1
2018-12-13,-1.64,45.0,1.9,2.0,1.38,10.62,13.0,0.5,0.4,0.9,-0.1
2018-12-14,-2.52,10.0,0.4,0.5,0.16,-8.59,-12.0,-0.2,-0.0,0.1,-0.5
2018-12-17,-4.07,2.0,-0.0,-0.0,-2.47,-0.8,-17.0,0.3,0.8,1.0,0.3
2018-12-18,0.26,22.0,0.8,0.8,-0.41,3.81,6.0,-0.4,0.2,0.3,-0.7
2018-12-19,0.57,18.0,0.2,0.6,0.91,3.84,4.0,0.2,0.5,0.7,0.1
2018-12-20,-2.23,22.0,0.5,0.4,0.55,3.59,-6.0,-0.7,-0.1,0.0,-0.9
2018-12-21,11.58,-11.0,-0.1,-0.1,-1.03,-2.12,6.0,-0.2,-1.9,0.0,-2.0
2018-12-24,-1.52,-43.0,-1.9,-1.5,-3.35,-4.06,-11.0,-0.1,-0.8,0.2,-1.0
2018-12-26,1.08,-24.0,-0.8,-0.6,-26.12,-7.52,4.0,-0.4,0.6,0.7,-1.4
2018-12-27,0.96,19.0,0.6,0.9,-25.39,-24.56,0.0,1.0,0.6,1.2,0.5
2018-12-28,-4.99,6.0,0.6,-0.0,25.65,51.26,11.0,0.4,0.9,1.3,0.4
